game,date,time,field,bracket,ROUND,team,SCORE
299,4/1/13,6:30 PM,ST Wilson Park CYL,U15B,1,ST,
299,4/1/13,6:30 PM,ST Wilson Park CYL,U15B,1,ABG,
438,4/1/13,6:30 PM,UNV Patton MS 17,U13B,1,UNV,
438,4/1/13,6:30 PM,UNV Patton MS 17,U13B,1,WB2,
304,4/1/13,6:30 PM,WC Kelly Field,U15B,1,WC2,
304,4/1/13,6:30 PM,WC Kelly Field,U15B,1,ASH,
62,4/2/13,6:30 PM,ABG Huntingdon Lower S,U13A,1,ABG,
62,4/2/13,6:30 PM,ABG Huntingdon Lower S,U13A,1,CVL,
411,4/2/13,6:30 PM,AVG Avon Grove HS 1,U13B,1,AVG1,
411,4/2/13,6:30 PM,AVG Avon Grove HS 1,U13B,1,WC2,
372,4/2/13,7:00 PM,COV OJR HS,U13B,1,COV2,
372,4/2/13,7:00 PM,COV OJR HS,U13B,1,ST2,
193,4/2/13,6:30 PM,CVL Warrior Field,U13C,1,CVL,
193,4/2/13,6:30 PM,CVL Warrior Field,U13C,1,ABG,
248,4/2/13,6:30 PM,GV Great Valley HS,U13C,1,GV,
248,4/2/13,6:30 PM,GV Great Valley HS,U13C,1,KEN,
430,4/2/13,6:30 PM,KEN Legacy Field B,U13B,1,KEN,
430,4/2/13,6:30 PM,KEN Legacy Field B,U13B,1,WC4,
110,4/2/13,6:30 PM,LV Hoeffecker,U13A,1,LV,
110,4/2/13,6:30 PM,LV Hoeffecker,U13A,1,BYC,
401,4/2/13,6:30 PM,LV Lionville MS,U13B,1,LV2,
401,4/2/13,6:30 PM,LV Lionville MS,U13B,1,LV1,
242,4/2/13,6:30 PM,LV Pine Creek 2,U13C,1,LV2,
242,4/2/13,6:30 PM,LV Pine Creek 2,U13C,1,AVG2,
361,4/2/13,6:30 PM,PHX PMYC,U13B,1,PHX,
361,4/2/13,6:30 PM,PHX PMYC,U13B,1,COV1,
389,4/2/13,6:30 PM,ST TE Middle Sch 2,U13B,1,ST1,
389,4/2/13,6:30 PM,ST TE Middle Sch 2,U13B,1,ASH,
105,4/2/13,6:30 PM,ST Wilson Park CYL,U13A,1,ST,
105,4/2/13,6:30 PM,ST Wilson Park CYL,U13A,1,AVG,
113,4/2/13,6:30 PM,UNV Upland Country DS,U13A,1,UNV1,
113,4/2/13,6:30 PM,UNV Upland Country DS,U13A,1,GV,
358,4/2/13,6:30 PM,WC Kelly Field,U13B,1,WC1,
358,4/2/13,6:30 PM,WC Kelly Field,U13B,1,CVL,
417,4/2/13,8:00 PM,WC Kelly Field,U13B,1,WC3,
417,4/2/13,8:00 PM,WC Kelly Field,U13B,1,BYC1,
488,4/3/13,6:30 PM,ABG Huntingdon Lower N,U11B,1,ABG3,
488,4/3/13,6:30 PM,ABG Huntingdon Lower N,U11B,1,CVL1,
538,4/3/13,6:30 PM,ABG Huntingdon Lower S,U11B,1,ABG1,
538,4/3/13,6:30 PM,ABG Huntingdon Lower S,U11B,1,ST,
625,4/3/13,6:30 PM,AVG Harmony Park,U11B,1,AVG1,
625,4/3/13,6:30 PM,AVG Harmony Park,U11B,1,BYC3,
606,4/3/13,6:30 PM,BYC Bethel Spr ES 12,U11B,1,BYC2,
606,4/3/13,6:30 PM,BYC Bethel Spr ES 12,U11B,1,WB2,
617,4/3/13,6:30 PM,BYC Concord Municipal 2,U11B,1,BYC1,
617,4/3/13,6:30 PM,BYC Concord Municipal 2,U11B,1,KEN1,
506,4/3/13,6:30 PM,COV Batdorf Park,U11B,1,COV1,
506,4/3/13,6:30 PM,COV Batdorf Park,U11B,1,CVL3,
560,4/3/13,6:30 PM,GV Great Valley MS,U11B,1,GV1,
560,4/3/13,6:30 PM,GV Great Valley MS,U11B,1,WC2,
191,4/3/13,6:30 PM,KEN Legacy Field B,U11A,1,KEN,
191,4/3/13,6:30 PM,KEN Legacy Field B,U11A,1,UNV,
493,4/3/13,6:30 PM,LV Eagleview 1,U11B,1,LV3,
493,4/3/13,6:30 PM,LV Eagleview 1,U11B,1,CVL2,
147,4/3/13,6:30 PM,LV Eagleview 2,U11A,1,LV,
147,4/3/13,6:30 PM,LV Eagleview 2,U11A,1,ASH,
532,4/3/13,6:30 PM,PHX PMYC,U11B,1,PHX,
532,4/3/13,6:30 PM,PHX PMYC,U11B,1,LV1,
156,4/3/13,6:30 PM,ST TE Middle Sch 2,U11A,1,ST,
156,4/3/13,6:30 PM,ST TE Middle Sch 2,U11A,1,WC2,
611,4/3/13,6:30 PM,UNV Patton MS 17,U11B,1,UNV,
611,4/3/13,6:30 PM,UNV Patton MS 17,U11B,1,KEN2,
601,4/3/13,6:30 PM,WB Embreeville,U11B,1,WB1,
601,4/3/13,6:30 PM,WB Embreeville,U11B,1,AVG2,
140,4/3/13,6:30 PM,WC Kelly Field,U11A,1,WC1,
140,4/3/13,6:30 PM,WC Kelly Field,U11A,1,ABG,
249,4/3/13,6:30 PM,WC Rustin HS Stadium,U13C,1,WC,
249,4/3/13,6:30 PM,WC Rustin HS Stadium,U13C,1,BYC,
269,4/4/13,6:30 PM,CVL Black Rock 6,U15B,1,CVL,
269,4/4/13,6:30 PM,CVL Black Rock 6,U15B,1,WB,
48,4/4/13,6:30 PM,CVL Mt Kirk,U15A,1,CVL,
48,4/4/13,6:30 PM,CVL Mt Kirk,U15A,1,ABG,
319,4/4/13,6:30 PM,GV Great Valley MS,U15B,1,GV,
319,4/4/13,6:30 PM,GV Great Valley MS,U15B,1,LV,
282,4/4/13,6:30 PM,PHX PMYC,U15B,1,PHX,
282,4/4/13,6:30 PM,PHX PMYC,U15B,1,BYC,
35,4/4/13,6:30 PM,ST Wilson Park TEYSA,U15A,1,ST,
35,4/4/13,6:30 PM,ST Wilson Park TEYSA,U15A,1,AVG,
333,4/4/13,6:30 PM,WC Kelly Field,U15B,1,WC1,
333,4/4/13,6:30 PM,WC Kelly Field,U15B,1,WC3,
43,4/4/13,8:00 PM,WC Kelly Field,U15A,1,WC,
43,4/4/13,8:00 PM,WC Kelly Field,U15A,1,BYC,
182,4/6/13,12:00 PM,ABG Huntingdon Lower N,U11A,2,ABG,
182,4/6/13,12:00 PM,ABG Huntingdon Lower N,U11A,1,CVL,
185,4/6/13,10:00 AM,ASH Lower Merion HS,U11A,2,ASH,
185,4/6/13,10:00 AM,ASH Lower Merion HS,U11A,2,WC2,
287,4/6/13,12:00 PM,ASH Lower Merion HS,U15B,2,ASH,
287,4/6/13,12:00 PM,ASH Lower Merion HS,U15B,2,PHX,
27,4/6/13,2:00 PM,ASH Lower Merion HS,U15A,1,ASH,
27,4/6/13,2:00 PM,ASH Lower Merion HS,U15A,1,GV,
549,4/6/13,4:00 PM,ASH Lower Merion HS,U11B,1,ASH,
549,4/6/13,4:00 PM,ASH Lower Merion HS,U11B,1,LV2,
98,4/6/13,10:00 AM,AVG Avon Grove HS 1,U13A,2,AVG,
98,4/6/13,10:00 AM,AVG Avon Grove HS 1,U13A,1,ASH,
177,4/6/13,12:00 PM,AVG Avon Grove HS 1,U11A,1,AVG,
177,4/6/13,12:00 PM,AVG Avon Grove HS 1,U11A,2,UNV,
344,4/6/13,2:00 PM,AVG Avon Grove HS 1,U15B,1,AVG,
344,4/6/13,2:00 PM,AVG Avon Grove HS 1,U15B,2,WB,
598,4/6/13,12:00 PM,BYC Concord Municipal 2,U11B,2,BYC1,
598,4/6/13,12:00 PM,BYC Concord Municipal 2,U11B,2,WB1,
614,4/6/13,2:00 PM,BYC Concord Municipal 2,U11B,2,BYC3,
614,4/6/13,2:00 PM,BYC Concord Municipal 2,U11B,2,UNV,
444,4/6/13,10:00 AM,BYC Garnet Valley MS,U13B,2,BYC1,
444,4/6/13,10:00 AM,BYC Garnet Valley MS,U13B,2,UNV,
454,4/6/13,12:00 PM,BYC Garnet Valley MS,U13B,1,BYC2,
454,4/6/13,12:00 PM,BYC Garnet Valley MS,U13B,2,KEN,
270,4/6/13,2:00 PM,BYC Garnet Valley MS,U15B,2,BYC,
270,4/6/13,2:00 PM,BYC Garnet Valley MS,U15B,2,CVL,
461,4/6/13,2:00 PM,COV OJR HS,U13B,2,COV2,
461,4/6/13,2:00 PM,COV OJR HS,U13B,2,WC4,
277,4/6/13,4:00 PM,COV OJR HS,U15B,1,COV,
277,4/6/13,4:00 PM,COV OJR HS,U15B,2,LV,
485,4/6/13,2:00 PM,CVL Warrior Field,U11B,2,CVL1,
485,4/6/13,2:00 PM,CVL Warrior Field,U11B,2,PHX,
494,4/6/13,4:00 PM,CVL Warrior Field,U11B,2,CVL2,
494,4/6/13,4:00 PM,CVL Warrior Field,U11B,2,CVL3,
217,4/6/13,12:00 PM,GV Great Valley HS,U13C,2,GV,
217,4/6/13,12:00 PM,GV Great Valley HS,U13C,1,ASH,
325,4/6/13,4:00 PM,GV Great Valley HS,U15B,2,GV,
325,4/6/13,4:00 PM,GV Great Valley HS,U15B,1,KEN,
166,4/6/13,12:00 PM,KEN Kennett HS,U11A,2,KEN,
166,4/6/13,12:00 PM,KEN Kennett HS,U11A,2,LV,
570,4/6/13,12:00 PM,KEN Legacy Field C,U11B,2,KEN2,
570,4/6/13,12:00 PM,KEN Legacy Field C,U11B,1,GV2,
623,4/6/13,2:00 PM,KEN Legacy Field C,U11B,2,KEN1,
623,4/6/13,2:00 PM,KEN Legacy Field C,U11B,2,BYC2,
479,4/6/13,10:00 AM,LV Hoeffecker,U13B,2,LV1,
479,4/6/13,10:00 AM,LV Hoeffecker,U13B,1,AVG2,
237,4/6/13,12:00 PM,LV Hoeffecker,U13C,1,LV1,
237,4/6/13,12:00 PM,LV Hoeffecker,U13C,2,KEN,
514,4/6/13,2:00 PM,LV Hoeffecker,U11B,2,LV1,
514,4/6/13,2:00 PM,LV Hoeffecker,U11B,2,COV1,
380,4/6/13,12:00 PM,ST TE Middle Sch 1,U13B,2,ST2,
380,4/6/13,12:00 PM,ST TE Middle Sch 1,U13B,2,PHX,
186,4/6/13,2:00 PM,ST TE Middle Sch 1,U11A,2,ST,
186,4/6/13,2:00 PM,ST TE Middle Sch 1,U11A,2,WC1,
609,4/6/13,4:00 PM,WB Embreeville,U11B,2,WB2,
609,4/6/13,4:00 PM,WB Embreeville,U11B,2,AVG2,
590,4/6/13,10:00 AM,WC Kelly Field,U11B,2,WC2,
590,4/6/13,10:00 AM,WC Kelly Field,U11B,2,AVG1,
419,4/6/13,12:00 PM,WC Kelly Field,U13B,2,WC3,
419,4/6/13,12:00 PM,WC Kelly Field,U13B,2,AVG1,
392,4/6/13,2:00 PM,WC Kelly Field,U13B,2,WC1,
392,4/6/13,2:00 PM,WC Kelly Field,U13B,2,ASH,
313,4/6/13,4:00 PM,WC Kelly Field,U15B,2,WC3,
313,4/6/13,4:00 PM,WC Kelly Field,U15B,2,ST,
226,4/6/13,12:00 PM,WC Rustin HS Stadium,U13C,2,WC,
226,4/6/13,12:00 PM,WC Rustin HS Stadium,U13C,1,ST,
559,4/6/13,2:00 PM,WC Rustin HS Stadium,U11B,1,WC1,
559,4/6/13,2:00 PM,WC Rustin HS Stadium,U11B,2,GV1,
521,4/7/13,2:00 PM,ABG Huntingdon Lower N,U11B,1,ABG2,
521,4/7/13,2:00 PM,ABG Huntingdon Lower N,U11B,1,COV2,
212,4/7/13,2:00 PM,ABG Huntingdon Upper,U13C,2,ABG,
212,4/7/13,2:00 PM,ABG Huntingdon Upper,U13C,2,AVG2,
534,4/7/13,4:00 PM,ABG Huntingdon Upper,U11B,2,ABG1,
534,4/7/13,4:00 PM,ABG Huntingdon Upper,U11B,2,LV3,
54,4/7/13,2:00 PM,ASH Lower Merion HS,U15A,2,ASH,
54,4/7/13,2:00 PM,ASH Lower Merion HS,U15A,2,AVG,
5,4/7/13,2:00 PM,CVL Warrior Field,U15A,2,CVL,
5,4/7/13,2:00 PM,CVL Warrior Field,U15A,1,LV,
201,4/7/13,4:00 PM,CVL Warrior Field,U13C,2,CVL,
201,4/7/13,4:00 PM,CVL Warrior Field,U13C,1,AVG1,
297,4/7/13,2:00 PM,KEN Kennett MS,U15B,2,KEN,
297,4/7/13,2:00 PM,KEN Kennett MS,U15B,2,ABG,
87,4/7/13,12:00 PM,UNV Upland Country DS,U13A,2,UNV1,
87,4/7/13,12:00 PM,UNV Upland Country DS,U13A,2,ABG,
194,4/8/13,6:30 PM,ASH Lower Merion HS,U13C,2,ASH,
194,4/8/13,6:30 PM,ASH Lower Merion HS,U13C,3,CVL,
445,4/8/13,6:30 PM,AVG Harmony Park,U13B,3,AVG1,
445,4/8/13,6:30 PM,AVG Harmony Park,U13B,3,UNV,
273,4/8/13,7:00 PM,COV OJR HS,U15B,2,COV,
273,4/8/13,7:00 PM,COV OJR HS,U15B,3,PHX,
459,4/8/13,6:30 PM,CVL Black Rock 6,U13B,2,CVL,
459,4/8/13,6:30 PM,CVL Black Rock 6,U13B,2,WC2,
265,4/8/13,6:30 PM,CVL Mt Kirk,U15B,3,CVL,
265,4/8/13,6:30 PM,CVL Mt Kirk,U15B,3,GV,
252,4/8/13,6:30 PM,KEN Kennett HS,U13C,3,KEN,
252,4/8/13,6:30 PM,KEN Kennett HS,U13C,3,WC,
400,4/8/13,6:30 PM,LV Lionville MS,U13B,2,LV2,
400,4/8/13,6:30 PM,LV Lionville MS,U13B,3,ST2,
439,4/8/13,6:30 PM,WB Embreeville,U13B,2,WB2,
439,4/8/13,6:30 PM,WB Embreeville,U13B,3,BYC1,
421,4/8/13,6:30 PM,WC Kelly Field,U13B,3,WC3,
421,4/8/13,6:30 PM,WC Kelly Field,U13B,3,KEN,
341,4/8/13,8:00 PM,WC Kelly Field,U15B,3,WC3,
341,4/8/13,8:00 PM,WC Kelly Field,U15B,2,AVG,
383,4/9/13,6:30 PM,ASH Lower Merion HS,U13B,3,ASH,
383,4/9/13,6:30 PM,ASH Lower Merion HS,U13B,1,ABG,
247,4/9/13,6:30 PM,AVG Avon Grove HS 1,U13C,3,AVG2,
247,4/9/13,6:30 PM,AVG Avon Grove HS 1,U13C,3,GV,
104,4/9/13,6:30 PM,BYC Garnet Valley MS,U13A,2,BYC,
104,4/9/13,6:30 PM,BYC Garnet Valley MS,U13A,2,ST,
364,4/9/13,7:00 PM,COV OJR HS,U13B,2,COV1,
364,4/9/13,7:00 PM,COV OJR HS,U13B,3,LV1,
63,4/9/13,6:30 PM,CVL Mt Kirk,U13A,2,CVL,
63,4/9/13,6:30 PM,CVL Mt Kirk,U13A,2,ASH,
116,4/9/13,6:30 PM,GV Great Valley HS,U13A,2,GV,
116,4/9/13,6:30 PM,GV Great Valley HS,U13A,3,AVG,
240,4/9/13,6:30 PM,LV Pine Creek 1,U13C,2,LV2,
240,4/9/13,6:30 PM,LV Pine Creek 1,U13C,2,BYC,
235,4/9/13,6:30 PM,LV Pine Creek 2,U13C,2,LV1,
235,4/9/13,6:30 PM,LV Pine Creek 2,U13C,2,AVG1,
375,4/9/13,6:30 PM,WC Kelly Field,U13B,3,WC1,
375,4/9/13,6:30 PM,WC Kelly Field,U13B,3,COV2,
427,4/9/13,8:00 PM,WC Kelly Field,U13B,3,WC4,
427,4/9/13,8:00 PM,WC Kelly Field,U13B,2,BYC2,
542,4/10/13,6:30 PM,ABG Huntingdon Lower N,U11B,2,ABG2,
542,4/10/13,6:30 PM,ABG Huntingdon Lower N,U11B,2,ABG3,
486,4/10/13,6:30 PM,ABG Huntingdon Lower S,U11B,3,ABG1,
486,4/10/13,6:30 PM,ABG Huntingdon Lower S,U11B,3,CVL1,
502,4/10/13,6:30 PM,ASH Lower Merion HS,U11B,2,ASH,
502,4/10/13,6:30 PM,ASH Lower Merion HS,U11B,3,CVL3,
616,4/10/13,6:30 PM,AVG Harmony Park,U11B,3,AVG2,
616,4/10/13,6:30 PM,AVG Harmony Park,U11B,3,BYC1,
588,4/10/13,6:30 PM,BYC Bethel Spr ES 12,U11B,3,BYC2,
588,4/10/13,6:30 PM,BYC Bethel Spr ES 12,U11B,3,WC2,
579,4/10/13,6:30 PM,BYC Concord Municipal 2,U11B,3,BYC3,
579,4/10/13,6:30 PM,BYC Concord Municipal 2,U11B,2,WC1,
638,4/10/13,6:30 PM,COV Batdorf Park,U11B,3,COV1,
638,4/10/13,6:30 PM,COV Batdorf Park,U11B,3,GV1,
183,4/10/13,6:30 PM,CVL Warrior Field,U11A,2,CVL,
183,4/10/13,6:30 PM,CVL Warrior Field,U11A,3,ASH,
184,4/10/13,6:30 PM,LV Eagleview 1,U11A,3,LV,
184,4/10/13,6:30 PM,LV Eagleview 1,U11A,3,ABG,
555,4/10/13,6:30 PM,LV Eagleview 2,U11B,2,LV2,
555,4/10/13,6:30 PM,LV Eagleview 2,U11B,3,LV1,
520,4/10/13,6:30 PM,PHX PMYC,U11B,3,PHX,
520,4/10/13,6:30 PM,PHX PMYC,U11B,2,COV2,
158,4/10/13,6:30 PM,ST TE Middle Sch 2,U11A,3,ST,
158,4/10/13,6:30 PM,ST TE Middle Sch 2,U11A,1,BYC,
615,4/10/13,6:30 PM,UNV Patton MS 17,U11B,3,UNV,
615,4/10/13,6:30 PM,UNV Patton MS 17,U11B,3,AVG1,
636,4/10/13,6:30 PM,WB Embreeville,U11B,3,WB1,
636,4/10/13,6:30 PM,WB Embreeville,U11B,3,CVL2,
171,4/10/13,6:30 PM,WC Kelly Field,U11A,3,WC1,
171,4/10/13,6:30 PM,WC Kelly Field,U11A,3,KEN,
172,4/10/13,8:00 PM,WC Kelly Field,U11A,3,WC2,
172,4/10/13,8:00 PM,WC Kelly Field,U11A,3,UNV,
305,4/11/13,6:30 PM,ASH Haverford Upper,U15B,3,ASH,
305,4/11/13,6:30 PM,ASH Haverford Upper,U15B,3,BYC,
44,4/11/13,6:30 PM,AVG Avon Grove HS 1,U15A,3,AVG,
44,4/11/13,6:30 PM,AVG Avon Grove HS 1,U15A,2,WC,
34,4/11/13,6:30 PM,BYC Garnet Valley MS,U15A,2,BYC,
34,4/11/13,6:30 PM,BYC Garnet Valley MS,U15A,2,ST,
50,4/11/13,7:00 PM,COV OJR HS,U15A,1,COV,
50,4/11/13,7:00 PM,COV OJR HS,U15A,2,LV,
3,4/11/13,6:30 PM,CVL Mt Kirk,U15A,3,CVL,
3,4/11/13,6:30 PM,CVL Mt Kirk,U15A,3,ASH,
332,4/11/13,6:30 PM,KEN Legacy Field B,U15B,3,KEN,
332,4/11/13,6:30 PM,KEN Legacy Field B,U15B,2,WC1,
309,4/11/13,6:30 PM,LV Pine Creek 2,U15B,3,LV,
309,4/11/13,6:30 PM,LV Pine Creek 2,U15B,3,ST,
335,4/11/13,6:30 PM,WB Downingtown MS,U15B,3,WB,
335,4/11/13,6:30 PM,WB Downingtown MS,U15B,2,WC2,
642,4/13/13,12:00 PM,ABG Huntingdon Upper,U11B,3,ABG2,
642,4/13/13,12:00 PM,ABG Huntingdon Upper,U11B,3,WC1,
388,4/13/13,2:00 PM,ABG Huntingdon Upper,U13B,2,ABG,
388,4/13/13,2:00 PM,ABG Huntingdon Upper,U13B,4,WC1,
512,4/13/13,2:00 PM,ASH Lower Merion HS,U11B,3,ASH,
512,4/13/13,2:00 PM,ASH Lower Merion HS,U11B,4,COV1,
150,4/13/13,4:00 PM,ASH Lower Merion HS,U11A,4,ASH,
150,4/13/13,4:00 PM,ASH Lower Merion HS,U11A,4,UNV,
159,4/13/13,12:00 PM,AVG Avon Grove HS 1,U11A,2,AVG,
159,4/13/13,12:00 PM,AVG Avon Grove HS 1,U11A,4,ST,
241,4/13/13,2:00 PM,AVG Avon Grove HS 1,U13C,3,AVG1,
241,4/13/13,2:00 PM,AVG Avon Grove HS 1,U13C,3,LV2,
58,4/13/13,10:00 AM,AVG Avon Grove HS 2,U15A,4,AVG,
58,4/13/13,10:00 AM,AVG Avon Grove HS 2,U15A,2,GV,
337,4/13/13,12:00 PM,AVG Avon Grove HS 2,U15B,3,AVG,
337,4/13/13,12:00 PM,AVG Avon Grove HS 2,U15B,3,WC2,
236,4/13/13,2:00 PM,AVG Avon Grove HS 2,U13C,4,AVG2,
236,4/13/13,2:00 PM,AVG Avon Grove HS 2,U13C,3,LV1,
219,4/13/13,12:00 PM,BYC Concord Municipal 1,U13C,3,BYC,
219,4/13/13,12:00 PM,BYC Concord Municipal 1,U13C,3,ASH,
565,4/13/13,10:00 AM,BYC Concord Municipal 2,U11B,4,BYC2,
565,4/13/13,10:00 AM,BYC Concord Municipal 2,U11B,4,GV1,
173,4/13/13,2:00 PM,BYC Concord Municipal 2,U11A,2,BYC,
173,4/13/13,2:00 PM,BYC Concord Municipal 2,U11A,4,WC2,
612,4/13/13,4:00 PM,BYC Concord Municipal 2,U11B,4,BYC1,
612,4/13/13,4:00 PM,BYC Concord Municipal 2,U11B,4,UNV,
115,4/13/13,10:00 AM,BYC Garnet Valley MS,U13A,3,BYC,
115,4/13/13,10:00 AM,BYC Garnet Valley MS,U13A,3,GV,
453,4/13/13,12:00 PM,BYC Garnet Valley MS,U13B,3,BYC2,
453,4/13/13,12:00 PM,BYC Garnet Valley MS,U13B,4,AVG1,
78,4/13/13,10:00 AM,COV Batdorf Park,U13A,1,COV,
78,4/13/13,10:00 AM,COV Batdorf Park,U13A,3,UNV1,
524,4/13/13,12:00 PM,COV Batdorf Park,U11B,3,COV2,
524,4/13/13,12:00 PM,COV Batdorf Park,U11B,4,LV1,
1,4/13/13,10:00 AM,CVL Black Rock 6,U15A,4,CVL,
1,4/13/13,10:00 AM,CVL Black Rock 6,U15A,2,COV,
481,4/13/13,12:00 PM,CVL Warrior Field,U11B,4,CVL1,
481,4/13/13,12:00 PM,CVL Warrior Field,U11B,4,CVL2,
195,4/13/13,2:00 PM,CVL Warrior Field,U13C,4,CVL,
195,4/13/13,2:00 PM,CVL Warrior Field,U13C,2,ST,
578,4/13/13,12:15 PM,GV Great Valley MS,U11B,2,GV2,
578,4/13/13,12:15 PM,GV Great Valley MS,U11B,4,AVG1,
278,4/13/13,2:00 PM,GV Great Valley MS,U15B,4,GV,
278,4/13/13,2:00 PM,GV Great Valley MS,U15B,3,COV,
317,4/13/13,10:00 AM,KEN Legacy Field C,U15B,4,KEN,
317,4/13/13,10:00 AM,KEN Legacy Field C,U15B,4,LV,
458,4/13/13,12:00 PM,KEN Legacy Field C,U13B,4,KEN,
458,4/13/13,12:00 PM,KEN Legacy Field C,U13B,2,AVG2,
632,4/13/13,2:00 PM,KEN Legacy Field C,U11B,3,KEN1,
632,4/13/13,2:00 PM,KEN Legacy Field C,U11B,4,AVG2,
130,4/13/13,10:00 AM,LV Eagleview 1,U11A,4,LV,
130,4/13/13,10:00 AM,LV Eagleview 1,U11A,3,CVL,
533,4/13/13,12:00 PM,LV Eagleview 1,U11B,3,LV2,
533,4/13/13,12:00 PM,LV Eagleview 1,U11B,4,ABG1,
92,4/13/13,2:00 PM,LV Hoeffecker,U13A,2,LV,
92,4/13/13,2:00 PM,LV Hoeffecker,U13A,3,ASH,
26,4/13/13,4:00 PM,LV Hoeffecker,U15A,3,LV,
26,4/13/13,4:00 PM,LV Hoeffecker,U15A,4,ASH,
367,4/13/13,12:00 PM,LV Lionville MS,U13B,3,LV2,
367,4/13/13,12:00 PM,LV Lionville MS,U13B,3,COV1,
471,4/13/13,4:00 PM,PHX PMYC,U13B,3,PHX,
471,4/13/13,4:00 PM,PHX PMYC,U13B,4,WC3,
531,4/13/13,12:00 PM,ST TE Middle Sch 1,U11B,2,ST,
531,4/13/13,12:00 PM,ST TE Middle Sch 1,U11B,4,PHX,
398,4/13/13,10:00 AM,ST TE Middle Sch 2,U13B,4,ST2,
398,4/13/13,10:00 AM,ST TE Middle Sch 2,U13B,4,LV1,
354,4/13/13,2:00 PM,ST TE Middle Sch 2,U13B,2,ST1,
354,4/13/13,2:00 PM,ST TE Middle Sch 2,U13B,3,CVL,
33,4/13/13,12:00 PM,ST Wilson Park TEYSA,U15A,3,ST,
33,4/13/13,12:00 PM,ST Wilson Park TEYSA,U15A,3,WC,
464,4/13/13,4:00 PM,UNV Upland Country DS,U13B,4,UNV,
464,4/13/13,4:00 PM,UNV Upland Country DS,U13B,4,ASH,
599,4/13/13,12:00 PM,WB Embreeville,U11B,4,WB1,
599,4/13/13,12:00 PM,WB Embreeville,U11B,4,BYC3,
603,4/13/13,2:00 PM,WB Embreeville,U11B,3,WB2,
603,4/13/13,2:00 PM,WB Embreeville,U11B,3,KEN2,
311,4/13/13,10:00 AM,WC Kelly Field,U15B,3,WC1,
311,4/13/13,10:00 AM,WC Kelly Field,U15B,4,ST,
209,4/13/13,2:00 PM,WC Kelly Field,U13C,4,WC,
209,4/13/13,2:00 PM,WC Kelly Field,U13C,3,ABG,
424,4/13/13,4:00 PM,WC Kelly Field,U13B,4,WC4,
424,4/13/13,4:00 PM,WC Kelly Field,U13B,3,WB2,
406,4/13/13,2:00 PM,WC Rustin HS Grass,U13B,3,WC2,
406,4/13/13,2:00 PM,WC Rustin HS Grass,U13B,1,WB1,
268,4/13/13,4:00 PM,WC Rustin HS Grass,U15B,4,WC3,
268,4/13/13,4:00 PM,WC Rustin HS Grass,U15B,4,CVL,
551,4/14/13,2:00 PM,ASH Lower Merion HS,U11B,4,ASH,
551,4/14/13,2:00 PM,ASH Lower Merion HS,U11B,3,LV3,
295,4/14/13,2:00 PM,BYC Garnet Valley MS,U15B,4,BYC,
295,4/14/13,2:00 PM,BYC Garnet Valley MS,U15B,3,ABG,
16,4/14/13,2:00 PM,COV Batdorf Park,U15A,3,COV,
16,4/14/13,2:00 PM,COV Batdorf Park,U15A,3,BYC,
271,4/14/13,4:00 PM,COV Batdorf Park,U15B,4,COV,
271,4/14/13,4:00 PM,COV Batdorf Park,U15B,4,AVG,
135,4/14/13,12:00 PM,CVL Warrior Field,U11A,4,CVL,
135,4/14/13,12:00 PM,CVL Warrior Field,U11A,3,AVG,
71,4/14/13,2:00 PM,CVL Warrior Field,U13A,3,CVL,
71,4/14/13,2:00 PM,CVL Warrior Field,U13A,4,AVG,
213,4/14/13,2:00 PM,KEN Kennett MS,U13C,4,KEN,
213,4/14/13,2:00 PM,KEN Kennett MS,U13C,4,ABG,
55,4/14/13,2:00 PM,LV Hoeffecker,U15A,4,LV,
55,4/14/13,2:00 PM,LV Hoeffecker,U15A,4,ST,
301,4/15/13,6:30 PM,ASH Lower Merion HS,U15B,4,ASH,
301,4/15/13,6:30 PM,ASH Lower Merion HS,U15B,4,WC1,
234,4/15/13,6:30 PM,BYC Bethel Spr ES 12,U13C,4,BYC,
234,4/15/13,6:30 PM,BYC Bethel Spr ES 12,U13C,4,LV1,
315,4/15/13,6:30 PM,BYC Garnet Valley MS,U15B,5,BYC,
315,4/15/13,6:30 PM,BYC Garnet Valley MS,U15B,5,ST,
387,4/15/13,6:30 PM,LV Lionville MS,U13B,4,LV2,
387,4/15/13,6:30 PM,LV Lionville MS,U13B,3,ABG,
443,4/15/13,6:30 PM,WB Embreeville,U13B,4,WB2,
443,4/15/13,6:30 PM,WB Embreeville,U13B,5,KEN,
293,4/15/13,6:30 PM,WC Kelly Field,U15B,5,WC3,
293,4/15/13,6:30 PM,WC Kelly Field,U15B,4,ABG,
82,4/16/13,6:30 PM,ABG Huntingdon Lower N,U13A,3,ABG,
82,4/16/13,6:30 PM,ABG Huntingdon Lower N,U13A,4,ASH,
214,4/16/13,6:30 PM,ASH Lower Merion HS,U13C,4,ASH,
214,4/16/13,6:30 PM,ASH Lower Merion HS,U13C,3,ST,
455,4/16/13,6:30 PM,AVG Avon Grove HS 1,U13B,3,AVG2,
455,4/16/13,6:30 PM,AVG Avon Grove HS 1,U13B,4,BYC2,
409,4/16/13,6:30 PM,BYC Garnet Valley MS,U13B,4,BYC1,
409,4/16/13,6:30 PM,BYC Garnet Valley MS,U13B,4,WC2,
366,4/16/13,7:00 PM,COV OJR HS,U13B,4,COV1,
366,4/16/13,7:00 PM,COV OJR HS,U13B,5,WC1,
353,4/16/13,6:30 PM,CVL Black Rock 6,U13B,4,CVL,
353,4/16/13,6:30 PM,CVL Black Rock 6,U13B,5,ASH,
246,4/16/13,6:30 PM,GV Great Valley MS,U13C,4,GV,
246,4/16/13,6:30 PM,GV Great Valley MS,U13C,4,AVG1,
106,4/16/13,6:30 PM,LV Hoeffecker,U13A,3,LV,
106,4/16/13,6:30 PM,LV Hoeffecker,U13A,4,GV,
395,4/16/13,6:30 PM,LV Lionville MS,U13B,5,LV1,
395,4/16/13,6:30 PM,LV Lionville MS,U13B,3,ST1,
207,4/16/13,6:30 PM,LV Pine Creek 2,U13C,4,LV2,
207,4/16/13,6:30 PM,LV Pine Creek 2,U13C,5,ABG,
368,4/16/13,6:30 PM,PHX PMYC,U13B,4,PHX,
368,4/16/13,6:30 PM,PHX PMYC,U13B,4,COV2,
475,4/16/13,6:30 PM,ST TE Middle Sch 1,U13B,5,ST2,
475,4/16/13,6:30 PM,ST TE Middle Sch 1,U13B,5,UNV,
423,4/16/13,6:30 PM,WB Embreeville,U13B,2,WB1,
423,4/16/13,6:30 PM,WB Embreeville,U13B,5,WC4,
169,4/16/13,6:30 PM,WC Kelly Field,U11A,4,WC1,
169,4/16/13,6:30 PM,WC Kelly Field,U11A,3,BYC,
119,4/16/13,8:00 PM,WC Kelly Field,U13A,1,WC,
119,4/16/13,8:00 PM,WC Kelly Field,U13A,4,BYC,
137,4/17/13,6:30 PM,ABG Huntingdon Lower N,U11A,4,ABG,
137,4/17/13,6:30 PM,ABG Huntingdon Lower N,U11A,5,ASH,
567,4/17/13,6:30 PM,AVG Harmony Park,U11B,5,AVG1,
567,4/17/13,6:30 PM,AVG Harmony Park,U11B,5,GV1,
637,4/17/13,6:30 PM,BYC Bethel Spr ES 12,U11B,5,BYC1,
637,4/17/13,6:30 PM,BYC Bethel Spr ES 12,U11B,4,CVL3,
487,4/17/13,6:30 PM,CVL Warrior Field,U11B,5,CVL1,
487,4/17/13,6:30 PM,CVL Warrior Field,U11B,4,ABG2,
574,4/17/13,6:30 PM,GV Great Valley MS,U11B,3,GV2,
574,4/17/13,6:30 PM,GV Great Valley MS,U11B,5,UNV,
624,4/17/13,6:30 PM,KEN Legacy Field B,U11B,4,KEN2,
624,4/17/13,6:30 PM,KEN Legacy Field B,U11B,5,BYC2,
525,4/17/13,6:30 PM,LV Eagleview 1,U11B,4,LV2,
525,4/17/13,6:30 PM,LV Eagleview 1,U11B,4,COV2,
165,4/17/13,6:30 PM,LV Eagleview 2,U11A,5,LV,
165,4/17/13,6:30 PM,LV Eagleview 2,U11A,4,AVG,
548,4/17/13,6:30 PM,ST TE Middle Sch 1,U11B,3,ST,
548,4/17/13,6:30 PM,ST TE Middle Sch 1,U11B,5,ASH,
157,4/17/13,6:30 PM,UNV Patton MS 17,U11A,5,UNV,
157,4/17/13,6:30 PM,UNV Patton MS 17,U11A,5,ST,
607,4/17/13,6:30 PM,WB Embreeville,U11B,4,WB2,
607,4/17/13,6:30 PM,WB Embreeville,U11B,5,BYC3,
582,4/17/13,6:30 PM,WC Kelly Field,U11B,4,WC1,
582,4/17/13,6:30 PM,WC Kelly Field,U11B,4,KEN1,
190,4/17/13,8:00 PM,WC Kelly Field,U11A,5,WC2,
190,4/17/13,8:00 PM,WC Kelly Field,U11A,4,KEN,
45,4/18/13,6:30 PM,BYC Garnet Valley MS,U15A,4,BYC,
45,4/18/13,6:30 PM,BYC Garnet Valley MS,U15A,5,AVG,
21,4/18/13,6:30 PM,GV Great Valley MS,U15A,3,GV,
21,4/18/13,6:30 PM,GV Great Valley MS,U15A,2,ABG,
13,4/18/13,6:30 PM,LV Hoeffecker,U15A,5,LV,
13,4/18/13,6:30 PM,LV Hoeffecker,U15A,4,COV,
4,4/18/13,6:30 PM,ST Wilson Park CYL,U15A,5,ST,
4,4/18/13,6:30 PM,ST Wilson Park CYL,U15A,5,CVL,
283,4/18/13,6:30 PM,WB Downingtown MS,U15B,4,WB,
283,4/18/13,6:30 PM,WB Downingtown MS,U15B,4,PHX,
28,4/18/13,6:30 PM,WC Kelly Field,U15A,4,WC,
28,4/18/13,6:30 PM,WC Kelly Field,U15A,5,ASH,
321,4/18/13,8:00 PM,WC Kelly Field,U15B,4,WC2,
321,4/18/13,8:00 PM,WC Kelly Field,U15B,5,LV,
633,4/20/13,12:00 PM,AVG Avon Grove HS 1,U11B,5,AVG2,
633,4/20/13,12:00 PM,AVG Avon Grove HS 1,U11B,5,KEN2,
228,4/20/13,2:00 PM,AVG Avon Grove HS 1,U13C,5,AVG1,
228,4/20/13,2:00 PM,AVG Avon Grove HS 1,U13C,4,ST,
350,4/20/13,2:00 PM,COV Batdorf Park,U13B,5,COV2,
350,4/20/13,2:00 PM,COV Batdorf Park,U13B,5,CVL,
46,4/20/13,4:00 PM,COV Batdorf Park,U15A,5,COV,
46,4/20/13,4:00 PM,COV Batdorf Park,U15A,6,CVL,
492,4/20/13,12:00 PM,CVL Warrior Field,U11B,5,CVL2,
492,4/20/13,12:00 PM,CVL Warrior Field,U11B,5,LV2,
508,4/20/13,2:00 PM,CVL Warrior Field,U11B,5,CVL3,
508,4/20/13,2:00 PM,CVL Warrior Field,U11B,5,PHX,
558,4/20/13,2:00 PM,GV Great Valley MS,U11B,6,GV1,
558,4/20/13,2:00 PM,GV Great Valley MS,U11B,4,GV2,
32,4/20/13,4:00 PM,GV Great Valley MS,U15A,4,GV,
32,4/20/13,4:00 PM,GV Great Valley MS,U15A,6,ST,
602,4/20/13,12:00 PM,KEN Kennett HS,U11B,5,KEN1,
602,4/20/13,12:00 PM,KEN Kennett HS,U11B,5,WB1,
342,4/20/13,2:00 PM,KEN Legacy Field C,U15B,5,KEN,
342,4/20/13,2:00 PM,KEN Legacy Field C,U15B,6,WC3,
75,4/20/13,10:00 AM,LV Hoeffecker,U13A,4,LV,
75,4/20/13,10:00 AM,LV Hoeffecker,U13A,2,COV,
382,4/20/13,12:00 PM,LV Hoeffecker,U13B,5,LV2,
382,4/20/13,12:00 PM,LV Hoeffecker,U13B,5,PHX,
196,4/20/13,2:00 PM,LV Hoeffecker,U13C,5,LV1,
196,4/20/13,2:00 PM,LV Hoeffecker,U13C,5,CVL,
547,4/20/13,4:00 PM,LV Hoeffecker,U11B,4,LV3,
547,4/20/13,4:00 PM,LV Hoeffecker,U11B,3,ABG3,
260,4/20/13,4:00 PM,PHX PMYC,U15B,5,PHX,
260,4/20/13,4:00 PM,PHX PMYC,U15B,5,CVL,
310,4/20/13,12:00 PM,ST Wilson Park CYL,U15B,6,ST,
310,4/20/13,12:00 PM,ST Wilson Park CYL,U15B,5,GV,
168,4/20/13,12:00 PM,UNV Patton MS 17,U11A,6,UNV,
168,4/20/13,12:00 PM,UNV Patton MS 17,U11A,5,WC1,
586,4/20/13,2:00 PM,UNV Patton MS 17,U11B,6,UNV,
586,4/20/13,2:00 PM,UNV Patton MS 17,U11B,5,WC1,
448,4/20/13,2:00 PM,UNV Upland Country DS,U13B,6,UNV,
448,4/20/13,2:00 PM,UNV Upland Country DS,U13B,4,AVG2,
434,4/20/13,2:00 PM,WB Embreeville,U13B,3,WB1,
434,4/20/13,2:00 PM,WB Embreeville,U13B,5,AVG1,
334,4/20/13,10:00 AM,WC Kelly Field,U15B,5,WC2,
334,4/20/13,10:00 AM,WC Kelly Field,U15B,5,WC1,
635,4/20/13,12:00 PM,WC Kelly Field,U11B,4,WC2,
635,4/20/13,12:00 PM,WC Kelly Field,U11B,6,CVL1,
37,4/20/13,2:00 PM,WC Kelly Field,U15A,5,WC,
37,4/20/13,2:00 PM,WC Kelly Field,U15A,6,LV,
117,4/20/13,4:00 PM,WC Kelly Field,U13A,2,WC,
117,4/20/13,4:00 PM,WC Kelly Field,U13A,4,UNV1,
404,4/20/13,12:00 PM,WC Rustin HS Stadium,U13B,5,WC2,
404,4/20/13,12:00 PM,WC Rustin HS Stadium,U13B,5,WC3,
149,4/20/13,2:00 PM,WC Rustin HS Stadium,U11A,6,WC2,
149,4/20/13,2:00 PM,WC Rustin HS Stadium,U11A,6,ASH,
251,4/20/13,4:00 PM,WC Rustin HS Stadium,U13C,5,WC,
251,4/20/13,4:00 PM,WC Rustin HS Stadium,U13C,5,AVG2,
145,4/21/13,12:00 PM,ABG Huntingdon Lower N,U11A,5,ABG,
145,4/21/13,12:00 PM,ABG Huntingdon Lower N,U11A,5,KEN,
294,4/21/13,2:00 PM,ABG Huntingdon Lower N,U15B,5,ABG,
294,4/21/13,2:00 PM,ABG Huntingdon Lower N,U15B,5,WB,
511,4/21/13,4:00 PM,ABG Huntingdon Lower N,U11B,4,ABG3,
511,4/21/13,4:00 PM,ABG Huntingdon Lower N,U11B,5,COV1,
527,4/21/13,2:00 PM,ABG Huntingdon Lower S,U11B,5,ABG1,
527,4/21/13,2:00 PM,ABG Huntingdon Lower S,U11B,6,PHX,
90,4/21/13,4:00 PM,ABG Huntingdon Lower S,U13A,4,ABG,
90,4/21/13,4:00 PM,ABG Huntingdon Lower S,U13A,5,AVG,
208,4/21/13,2:00 PM,ABG Huntingdon Upper,U13C,6,ABG,
208,4/21/13,2:00 PM,ABG Huntingdon Upper,U13C,5,GV,
24,4/21/13,4:00 PM,ABG Huntingdon Upper,U15A,3,ABG,
24,4/21/13,4:00 PM,ABG Huntingdon Upper,U15A,6,AVG,
476,4/21/13,2:00 PM,BYC Garnet Valley MS,U13B,5,BYC1,
476,4/21/13,2:00 PM,BYC Garnet Valley MS,U13B,4,ABG,
275,4/21/13,4:00 PM,COV OJR HS,U15B,5,COV,
275,4/21/13,4:00 PM,COV OJR HS,U15B,5,ASH,
541,4/21/13,2:00 PM,LV Eagleview 1,U11B,5,LV3,
541,4/21/13,2:00 PM,LV Eagleview 1,U11B,5,ABG2,
292,4/22/13,6:30 PM,ABG Huntingdon Lower N,U15B,6,ABG,
292,4/22/13,6:30 PM,ABG Huntingdon Lower N,U15B,6,WC2,
218,4/22/13,6:30 PM,ASH Lower Merion HS,U13C,5,ASH,
218,4/22/13,6:30 PM,ASH Lower Merion HS,U13C,6,WC,
253,4/22/13,6:30 PM,BYC Garnet Valley MS,U13C,5,BYC,
253,4/22/13,6:30 PM,BYC Garnet Valley MS,U13C,6,AVG1,
238,4/22/13,6:30 PM,LV Pine Creek 1,U13C,5,LV2,
238,4/22/13,6:30 PM,LV Pine Creek 1,U13C,6,GV,
394,4/22/13,6:30 PM,ST TE Middle Sch 2,U13B,4,ST1,
394,4/22/13,6:30 PM,ST TE Middle Sch 2,U13B,6,ST2,
432,4/22/13,6:30 PM,UNV Patton MS 17,U13B,7,UNV,
432,4/22/13,6:30 PM,UNV Patton MS 17,U13B,4,WB1,
472,4/22/13,6:30 PM,WC Kelly Field,U13B,6,WC4,
472,4/22/13,6:30 PM,WC Kelly Field,U13B,6,CVL,
328,4/22/13,8:00 PM,WC Kelly Field,U15B,7,WC3,
328,4/22/13,8:00 PM,WC Kelly Field,U15B,6,GV,
86,4/23/13,6:30 PM,ABG Huntingdon Lower N,U13A,5,ABG,
86,4/23/13,6:30 PM,ABG Huntingdon Lower N,U13A,3,WC,
386,4/23/13,6:30 PM,ABG Huntingdon Lower S,U13B,5,ABG,
386,4/23/13,6:30 PM,ABG Huntingdon Lower S,U13B,6,LV1,
93,4/23/13,6:30 PM,ASH Lower Merion HS,U13A,5,ASH,
93,4/23/13,6:30 PM,ASH Lower Merion HS,U13A,5,GV,
442,4/23/13,6:30 PM,AVG Avon Grove HS 1,U13B,5,AVG2,
442,4/23/13,6:30 PM,AVG Avon Grove HS 1,U13B,5,WB2,
258,4/23/13,6:30 PM,AVG Harmony Park,U13C,6,AVG2,
258,4/23/13,6:30 PM,AVG Harmony Park,U13C,5,KEN,
70,4/23/13,6:30 PM,BYC Garnet Valley MS,U13A,5,BYC,
70,4/23/13,6:30 PM,BYC Garnet Valley MS,U13A,4,CVL,
74,4/23/13,7:00 PM,COV OJR HS,U13A,3,COV,
74,4/23/13,7:00 PM,COV OJR HS,U13A,3,ST,
452,4/23/13,6:30 PM,KEN Legacy Field B,U13B,6,KEN,
452,4/23/13,6:30 PM,KEN Legacy Field B,U13B,6,BYC1,
205,4/23/13,6:30 PM,ST TE Middle Sch 1,U13C,5,ST,
205,4/23/13,6:30 PM,ST TE Middle Sch 1,U13C,7,ABG,
460,4/23/13,6:30 PM,WC Kelly Field,U13B,6,WC3,
460,4/23/13,6:30 PM,WC Kelly Field,U13B,5,COV1,
403,4/23/13,8:00 PM,WC Kelly Field,U13B,6,WC1,
403,4/23/13,8:00 PM,WC Kelly Field,U13B,6,LV2,
470,4/23/13,6:30 PM,WC Rustin HS Grass,U13B,6,WC2,
470,4/23/13,6:30 PM,WC Rustin HS Grass,U13B,6,COV2,
139,4/24/13,6:30 PM,ABG Huntingdon Lower N,U11A,6,ABG,
139,4/24/13,6:30 PM,ABG Huntingdon Lower N,U11A,6,LV,
535,4/24/13,6:30 PM,ABG Huntingdon Lower S,U11B,6,ABG2,
535,4/24/13,6:30 PM,ABG Huntingdon Lower S,U11B,6,ABG1,
629,4/24/13,6:30 PM,AVG Harmony Park,U11B,6,AVG2,
629,4/24/13,6:30 PM,AVG Harmony Park,U11B,6,AVG1,
619,4/24/13,6:30 PM,BYC Concord Municipal 2,U11B,6,BYC1,
619,4/24/13,6:30 PM,BYC Concord Municipal 2,U11B,6,BYC2,
515,4/24/13,6:30 PM,COV Batdorf Park,U11B,6,COV1,
515,4/24/13,6:30 PM,COV Batdorf Park,U11B,6,LV3,
129,4/24/13,6:30 PM,CVL Mt Kirk,U11A,5,CVL,
129,4/24/13,6:30 PM,CVL Mt Kirk,U11A,6,ST,
499,4/24/13,6:30 PM,CVL Warrior Field,U11B,6,CVL2,
499,4/24/13,6:30 PM,CVL Warrior Field,U11B,5,ABG3,
571,4/24/13,6:30 PM,GV Great Valley MS,U11B,5,GV2,
571,4/24/13,6:30 PM,GV Great Valley MS,U11B,6,WC1,
180,4/24/13,6:30 PM,KEN Legacy Field B,U11A,6,KEN,
180,4/24/13,6:30 PM,KEN Legacy Field B,U11A,4,BYC,
550,4/24/13,6:30 PM,LV Eagleview 1,U11B,5,LV1,
550,4/24/13,6:30 PM,LV Eagleview 1,U11B,6,ASH,
647,4/24/13,6:30 PM,LV Eagleview 2,U11B,6,LV2,
647,4/24/13,6:30 PM,LV Eagleview 2,U11B,6,BYC3,
523,4/24/13,6:30 PM,ST TE Middle Sch 1,U11B,4,ST,
523,4/24/13,6:30 PM,ST TE Middle Sch 1,U11B,5,COV2,
561,4/24/13,6:30 PM,WB Embreeville,U11B,6,WB1,
561,4/24/13,6:30 PM,WB Embreeville,U11B,7,GV1,
592,4/24/13,6:30 PM,WC Kelly Field,U11B,5,WC2,
592,4/24/13,6:30 PM,WC Kelly Field,U11B,6,KEN2,
167,4/24/13,8:00 PM,WC Kelly Field,U11A,6,WC1,
167,4/24/13,8:00 PM,WC Kelly Field,U11A,7,WC2,
22,4/25/13,6:30 PM,ABG Huntingdon Lower N,U15A,4,ABG,
22,4/25/13,6:30 PM,ABG Huntingdon Lower N,U15A,6,WC,
348,4/25/13,6:30 PM,AVG Avon Grove HS 1,U15B,5,AVG,
348,4/25/13,6:30 PM,AVG Avon Grove HS 1,U15B,6,KEN,
12,4/25/13,7:00 PM,COV OJR HS,U15A,6,COV,
12,4/25/13,7:00 PM,COV OJR HS,U15A,7,ST,
6,4/25/13,6:30 PM,GV Great Valley MS,U15A,5,GV,
6,4/25/13,6:30 PM,GV Great Valley MS,U15A,7,CVL,
314,4/25/13,6:30 PM,ST Wilson Park CYL,U15B,7,ST,
314,4/25/13,6:30 PM,ST Wilson Park CYL,U15B,6,WB,
291,4/25/13,6:30 PM,WC Kelly Field,U15B,6,WC1,
291,4/25/13,6:30 PM,WC Kelly Field,U15B,6,PHX,
307,4/26/13,6:30 PM,ASH Lower Merion HS,U15B,6,ASH,
307,4/26/13,6:30 PM,ASH Lower Merion HS,U15B,7,KEN,
509,4/27/13,12:00 PM,ABG Huntingdon Lower S,U11B,7,ABG1,
509,4/27/13,12:00 PM,ABG Huntingdon Lower S,U11B,6,CVL3,
581,4/27/13,10:00 AM,AVG Avon Grove HS 1,U11B,7,AVG2,
581,4/27/13,10:00 AM,AVG Avon Grove HS 1,U11B,7,WC1,
630,4/27/13,12:00 PM,AVG Avon Grove HS 1,U11B,7,AVG1,
630,4/27/13,12:00 PM,AVG Avon Grove HS 1,U11B,6,KEN1,
250,4/27/13,2:00 PM,AVG Avon Grove HS 1,U13C,7,AVG1,
250,4/27/13,2:00 PM,AVG Avon Grove HS 1,U13C,7,WC,
577,4/27/13,12:00 PM,BYC Concord Municipal 2,U11B,7,BYC1,
577,4/27/13,12:00 PM,BYC Concord Municipal 2,U11B,6,GV2,
126,4/27/13,2:00 PM,BYC Garnet Valley MS,U13A,6,BYC,
126,4/27/13,2:00 PM,BYC Garnet Valley MS,U13A,6,AVG,
451,4/27/13,4:00 PM,BYC Garnet Valley MS,U13B,7,BYC1,
451,4/27/13,4:00 PM,BYC Garnet Valley MS,U13B,6,AVG2,
513,4/27/13,2:00 PM,COV OJR HS,U11B,7,COV1,
513,4/27/13,2:00 PM,COV OJR HS,U11B,5,ST,
9,4/27/13,10:00 AM,CVL Black Rock 6,U15A,8,CVL,
9,4/27/13,10:00 AM,CVL Black Rock 6,U15A,7,AVG,
61,4/27/13,12:00 PM,CVL Black Rock 6,U13A,5,CVL,
61,4/27/13,12:00 PM,CVL Black Rock 6,U13A,4,COV,
267,4/27/13,2:00 PM,CVL Black Rock 6,U15B,6,CVL,
267,4/27/13,2:00 PM,CVL Black Rock 6,U15B,7,WC2,
495,4/27/13,10:00 AM,CVL Warrior Field,U11B,7,CVL2,
495,4/27/13,10:00 AM,CVL Warrior Field,U11B,6,COV2,
197,4/27/13,12:00 PM,CVL Warrior Field,U13C,6,CVL,
197,4/27/13,12:00 PM,CVL Warrior Field,U13C,6,LV2,
491,4/27/13,2:00 PM,CVL Warrior Field,U11B,7,CVL1,
491,4/27/13,2:00 PM,CVL Warrior Field,U11B,6,LV1,
566,4/27/13,12:15 PM,GV Great Valley MS,U11B,8,GV1,
566,4/27/13,12:15 PM,GV Great Valley MS,U11B,7,BYC3,
112,4/27/13,2:00 PM,GV Great Valley MS,U13A,6,GV,
112,4/27/13,2:00 PM,GV Great Valley MS,U13A,4,WC,
40,4/27/13,4:00 PM,GV Great Valley MS,U15A,6,GV,
40,4/27/13,4:00 PM,GV Great Valley MS,U15A,7,WC,
480,4/27/13,12:00 PM,KEN Legacy Field C,U13B,7,KEN,
480,4/27/13,12:00 PM,KEN Legacy Field C,U13B,7,LV2,
136,4/27/13,2:00 PM,KEN Legacy Field C,U11A,7,KEN,
136,4/27/13,2:00 PM,KEN Legacy Field C,U11A,6,CVL,
108,4/27/13,10:00 AM,LV Hoeffecker,U13A,5,LV,
108,4/27/13,10:00 AM,LV Hoeffecker,U13A,5,UNV1,
38,4/27/13,12:00 PM,LV Hoeffecker,U15A,7,LV,
38,4/27/13,12:00 PM,LV Hoeffecker,U15A,5,BYC,
467,4/27/13,2:00 PM,LV Hoeffecker,U13B,7,LV1,
467,4/27/13,2:00 PM,LV Hoeffecker,U13B,6,AVG1,
322,4/27/13,4:00 PM,LV Hoeffecker,U15B,6,LV,
322,4/27/13,4:00 PM,LV Hoeffecker,U15B,6,BYC,
290,4/27/13,10:00 AM,PHX PMYC,U15B,7,PHX,
290,4/27/13,10:00 AM,PHX PMYC,U15B,7,GV,
526,4/27/13,12:00 PM,PHX PMYC,U11B,7,PHX,
526,4/27/13,12:00 PM,PHX PMYC,U11B,7,LV3,
381,4/27/13,2:00 PM,PHX PMYC,U13B,6,PHX,
381,4/27/13,2:00 PM,PHX PMYC,U13B,7,WC1,
25,4/27/13,TBD,Radnor HS Samson Festival,U15A,6,ASH,
25,4/27/13,TBD,Radnor HS Samson Festival,U15A,8,ST,
91,4/27/13,TBD,Radnor HS Samson Festival,U13A,6,ASH,
91,4/27/13,TBD,Radnor HS Samson Festival,U13A,4,ST,
225,4/27/13,10:00 AM,ST TE Middle Sch 2,U13C,6,ST,
225,4/27/13,10:00 AM,ST TE Middle Sch 2,U13C,7,GV,
371,4/27/13,12:00 PM,ST TE Middle Sch 2,U13B,5,ST1,
371,4/27/13,12:00 PM,ST TE Middle Sch 2,U13B,7,COV2,
365,4/27/13,2:00 PM,ST TE Middle Sch 2,U13B,7,ST2,
365,4/27/13,2:00 PM,ST TE Middle Sch 2,U13B,6,COV1,
316,4/27/13,2:00 PM,ST Wilson Park TEYSA,U15B,8,ST,
316,4/27/13,2:00 PM,ST Wilson Park TEYSA,U15B,6,AVG,
188,4/27/13,4:00 PM,UNV Patton MS 17,U11A,7,UNV,
188,4/27/13,4:00 PM,UNV Patton MS 17,U11A,7,LV,
345,4/27/13,4:00 PM,WB Downingtown MS,U15B,7,WB,
345,4/27/13,4:00 PM,WB Downingtown MS,U15B,8,KEN,
416,4/27/13,2:00 PM,WB Embreeville,U13B,5,WB1,
416,4/27/13,2:00 PM,WB Embreeville,U13B,7,WC3,
594,4/27/13,10:00 AM,WC Kelly Field,U11B,6,WC2,
594,4/27/13,10:00 AM,WC Kelly Field,U11B,7,UNV,
174,4/27/13,12:00 PM,WC Kelly Field,U11A,8,WC2,
174,4/27/13,12:00 PM,WC Kelly Field,U11A,5,AVG,
155,4/27/13,2:00 PM,WC Kelly Field,U11A,7,WC1,
155,4/27/13,2:00 PM,WC Kelly Field,U11A,7,ST,
405,4/27/13,4:00 PM,WC Kelly Field,U13B,7,WC4,
405,4/27/13,4:00 PM,WC Kelly Field,U13B,7,WC2,
643,4/28/13,12:00 PM,ABG Huntingdon Lower N,U11B,6,ABG3,
643,4/28/13,12:00 PM,ABG Huntingdon Lower N,U11B,5,WB2,
463,4/28/13,2:00 PM,ABG Huntingdon Lower N,U13B,6,ABG,
463,4/28/13,2:00 PM,ABG Huntingdon Lower N,U13B,6,WB2,
274,4/28/13,4:00 PM,ABG Huntingdon Lower N,U15B,7,ABG,
274,4/28/13,4:00 PM,ABG Huntingdon Lower N,U15B,6,COV,
210,4/28/13,4:00 PM,ABG Huntingdon Lower S,U13C,8,ABG,
210,4/28/13,4:00 PM,ABG Huntingdon Lower S,U13C,6,BYC,
143,4/28/13,12:00 PM,ABG Huntingdon Upper,U11A,7,ABG,
143,4/28/13,12:00 PM,ABG Huntingdon Upper,U11A,5,BYC,
540,4/28/13,4:00 PM,ABG Huntingdon Upper,U11B,7,ABG2,
540,4/28/13,4:00 PM,ABG Huntingdon Upper,U11B,7,LV2,
111,4/28/13,4:00 PM,AVG Harmony Park,U13A,7,AVG,
111,4/28/13,4:00 PM,AVG Harmony Park,U13A,6,LV,
435,4/28/13,12:00 PM,BYC Garnet Valley MS,U13B,5,BYC2,
435,4/28/13,12:00 PM,BYC Garnet Valley MS,U13B,6,WB1,
23,4/28/13,2:00 PM,BYC Garnet Valley MS,U15A,6,BYC,
23,4/28/13,2:00 PM,BYC Garnet Valley MS,U15A,5,ABG,
522,4/28/13,4:00 PM,COV OJR HS,U11B,7,COV2,
522,4/28/13,4:00 PM,COV OJR HS,U11B,7,ASH,
206,4/29/13,6:30 PM,ABG Huntingdon Lower N,U13C,9,ABG,
206,4/29/13,6:30 PM,ABG Huntingdon Lower N,U13C,6,LV1,
477,4/29/13,6:30 PM,ASH Lower Merion HS,U13B,6,ASH,
477,4/29/13,6:30 PM,ASH Lower Merion HS,U13B,6,BYC2,
374,4/29/13,7:00 PM,COV OJR HS,U13B,8,COV2,
374,4/29/13,7:00 PM,COV OJR HS,U13B,8,LV2,
198,4/29/13,6:30 PM,GV Great Valley MS,U13C,8,GV,
198,4/29/13,6:30 PM,GV Great Valley MS,U13C,7,CVL,
257,4/29/13,6:30 PM,KEN Kennett HS,U13C,6,KEN,
257,4/29/13,6:30 PM,KEN Kennett HS,U13C,8,AVG1,
474,4/29/13,6:30 PM,WB Embreeville,U13B,7,WB2,
474,4/29/13,6:30 PM,WB Embreeville,U13B,6,ST1,
469,4/29/13,6:30 PM,WC Kelly Field,U13B,8,WC1,
469,4/29/13,6:30 PM,WC Kelly Field,U13B,8,KEN,
352,4/30/13,6:30 PM,ABG Huntingdon Lower S,U13B,7,ABG,
352,4/30/13,6:30 PM,ABG Huntingdon Lower S,U13B,7,CVL,
456,4/30/13,6:30 PM,AVG Avon Grove HS 1,U13B,7,AVG2,
456,4/30/13,6:30 PM,AVG Avon Grove HS 1,U13B,7,AVG1,
254,4/30/13,6:30 PM,AVG Harmony Park,U13C,7,AVG2,
254,4/30/13,6:30 PM,AVG Harmony Park,U13C,7,BYC,
122,4/30/13,6:30 PM,BYC Garnet Valley MS,U13A,7,BYC,
122,4/30/13,6:30 PM,BYC Garnet Valley MS,U13A,6,UNV1,
66,4/30/13,6:30 PM,GV Great Valley MS,U13A,7,GV,
66,4/30/13,6:30 PM,GV Great Valley MS,U13A,6,CVL,
379,4/30/13,6:30 PM,PHX PMYC,U13B,7,PHX,
379,4/30/13,6:30 PM,PHX PMYC,U13B,8,LV1,
83,4/30/13,6:30 PM,ST Wilson Park TEYSA,U13A,5,ST,
83,4/30/13,6:30 PM,ST Wilson Park TEYSA,U13A,6,ABG,
433,4/30/13,6:30 PM,WB Embreeville,U13B,7,WB1,
433,4/30/13,6:30 PM,WB Embreeville,U13B,8,BYC1,
425,4/30/13,6:30 PM,WC Kelly Field,U13B,8,WC4,
425,4/30/13,6:30 PM,WC Kelly Field,U13B,8,UNV,
77,4/30/13,8:00 PM,WC Kelly Field,U13A,5,WC,
77,4/30/13,8:00 PM,WC Kelly Field,U13A,5,COV,
148,5/1/13,6:30 PM,ASH Lower Merion HS,U11A,7,ASH,
148,5/1/13,6:30 PM,ASH Lower Merion HS,U11A,8,WC1,
181,5/1/13,6:30 PM,AVG Harmony Park,U11A,6,AVG,
181,5/1/13,6:30 PM,AVG Harmony Park,U11A,8,KEN,
622,5/1/13,6:30 PM,BYC Bethel Spr ES 12,U11B,7,BYC2,
622,5/1/13,6:30 PM,BYC Bethel Spr ES 12,U11B,8,AVG2,
589,5/1/13,6:30 PM,BYC Concord Municipal 2,U11B,8,BYC3,
589,5/1/13,6:30 PM,BYC Concord Municipal 2,U11B,7,WC2,
484,5/1/13,7:00 PM,COV OJR HS,U11B,8,COV2,
484,5/1/13,7:00 PM,COV OJR HS,U11B,8,CVL1,
503,5/1/13,6:30 PM,CVL Warrior Field,U11B,7,CVL3,
503,5/1/13,6:30 PM,CVL Warrior Field,U11B,8,LV3,
564,5/1/13,6:30 PM,GV Great Valley MS,U11B,9,GV1,
564,5/1/13,6:30 PM,GV Great Valley MS,U11B,8,BYC1,
610,5/1/13,6:30 PM,KEN Legacy Field B,U11B,7,KEN1,
610,5/1/13,6:30 PM,KEN Legacy Field B,U11B,8,UNV,
552,5/1/13,6:30 PM,LV Eagleview 2,U11B,7,LV1,
552,5/1/13,6:30 PM,LV Eagleview 2,U11B,6,ST,
498,5/1/13,6:30 PM,PHX PMYC,U11B,8,PHX,
498,5/1/13,6:30 PM,PHX PMYC,U11B,8,CVL2,
138,5/1/13,6:30 PM,ST TE Middle Sch 2,U11A,8,ST,
138,5/1/13,6:30 PM,ST TE Middle Sch 2,U11A,8,ABG,
176,5/1/13,6:30 PM,UNV Patton MS 17,U11A,8,UNV,
176,5/1/13,6:30 PM,UNV Patton MS 17,U11A,6,BYC,
575,5/1/13,6:30 PM,WB Embreeville,U11B,6,WB2,
575,5/1/13,6:30 PM,WB Embreeville,U11B,7,GV2,
132,5/1/13,6:30 PM,WC Kelly Field,U11A,9,WC2,
132,5/1/13,6:30 PM,WC Kelly Field,U11A,7,CVL,
584,5/1/13,8:00 PM,WC Kelly Field,U11B,8,WC1,
584,5/1/13,8:00 PM,WC Kelly Field,U11B,7,WB1,
29,5/2/13,6:30 PM,ASH Haverford Upper,U15A,7,ASH,
29,5/2/13,6:30 PM,ASH Haverford Upper,U15A,7,BYC,
262,5/2/13,6:30 PM,ASH Lower Merion HS,U15B,7,ASH,
262,5/2/13,6:30 PM,ASH Lower Merion HS,U15B,7,CVL,
42,5/2/13,6:30 PM,GV Great Valley MS,U15A,7,GV,
42,5/2/13,6:30 PM,GV Great Valley MS,U15A,8,AVG,
347,5/2/13,6:30 PM,KEN Legacy Field B,U15B,9,KEN,
347,5/2/13,6:30 PM,KEN Legacy Field B,U15B,7,BYC,
289,5/2/13,6:30 PM,LV Pine Creek 1,U15B,7,LV,
289,5/2/13,6:30 PM,LV Pine Creek 1,U15B,8,PHX,
276,5/2/13,6:30 PM,ST Wilson Park CYL,U15B,9,ST,
276,5/2/13,6:30 PM,ST Wilson Park CYL,U15B,7,COV,
19,5/2/13,6:30 PM,ST Wilson Park TEYSA,U15A,9,ST,
19,5/2/13,6:30 PM,ST Wilson Park TEYSA,U15A,6,ABG,
15,5/2/13,6:30 PM,WC Kelly Field,U15A,8,WC,
15,5/2/13,6:30 PM,WC Kelly Field,U15A,7,COV,
384,5/4/13,12:00 PM,ABG Huntingdon Upper,U13B,8,ABG,
384,5/4/13,12:00 PM,ABG Huntingdon Upper,U13B,7,ST1,
202,5/4/13,9:00 AM,AVG Avon Grove HS 1,U13C,8,AVG2,
202,5/4/13,9:00 AM,AVG Avon Grove HS 1,U13C,8,CVL,
437,5/4/13,11:00 AM,AVG Avon Grove HS 1,U13B,8,AVG2,
437,5/4/13,11:00 AM,AVG Avon Grove HS 1,U13B,8,WB1,
211,5/4/13,1:00 PM,AVG Avon Grove HS 1,U13C,9,AVG1,
211,5/4/13,1:00 PM,AVG Avon Grove HS 1,U13C,10,ABG,
450,5/4/13,9:00 AM,AVG Avon Grove HS 2,U13B,8,AVG1,
450,5/4/13,9:00 AM,AVG Avon Grove HS 2,U13B,9,BYC1,
591,5/4/13,11:00 AM,AVG Avon Grove HS 2,U11B,9,AVG2,
591,5/4/13,11:00 AM,AVG Avon Grove HS 2,U11B,8,WC2,
641,5/4/13,1:00 PM,AVG Avon Grove HS 2,U11B,8,AVG1,
641,5/4/13,1:00 PM,AVG Avon Grove HS 2,U11B,8,ABG1,
144,5/4/13,3:00 PM,AVG Avon Grove HS 2,U11A,7,AVG,
144,5/4/13,3:00 PM,AVG Avon Grove HS 2,U11A,9,ABG,
81,5/4/13,9:00 AM,AVG Avon Grove HS Stadium,U13A,8,AVG,
81,5/4/13,9:00 AM,AVG Avon Grove HS Stadium,U13A,6,COV,
30,5/4/13,11:00 AM,AVG Avon Grove HS Stadium,U15A,9,AVG,
30,5/4/13,11:00 AM,AVG Avon Grove HS Stadium,U15A,8,ASH,
308,5/4/13,1:00 PM,AVG Avon Grove HS Stadium,U15B,7,AVG,
308,5/4/13,1:00 PM,AVG Avon Grove HS Stadium,U15B,8,ASH,
245,5/4/13,4:00 PM,BYC Concord Municipal 1,U13C,8,BYC,
245,5/4/13,4:00 PM,BYC Concord Municipal 1,U13C,9,GV,
164,5/4/13,12:00 PM,BYC Concord Municipal 2,U11A,7,BYC,
164,5/4/13,12:00 PM,BYC Concord Municipal 2,U11A,8,LV,
620,5/4/13,2:00 PM,BYC Concord Municipal 2,U11B,9,BYC3,
620,5/4/13,2:00 PM,BYC Concord Municipal 2,U11B,9,BYC1,
8,5/4/13,10:00 AM,BYC Garnet Valley MS,U15A,8,BYC,
8,5/4/13,10:00 AM,BYC Garnet Valley MS,U15A,9,CVL,
370,5/4/13,4:00 PM,COV OJR HS,U13B,9,COV2,
370,5/4/13,4:00 PM,COV OJR HS,U13B,7,ASH,
65,5/4/13,10:00 AM,CVL Black Rock 6,U13A,7,CVL,
65,5/4/13,10:00 AM,CVL Black Rock 6,U13A,7,LV,
349,5/4/13,12:00 PM,CVL Black Rock 6,U13B,8,CVL,
349,5/4/13,12:00 PM,CVL Black Rock 6,U13B,7,COV1,
489,5/4/13,12:00 PM,CVL Warrior Field,U11B,9,CVL1,
489,5/4/13,12:00 PM,CVL Warrior Field,U11B,8,ASH,
133,5/4/13,2:00 PM,CVL Warrior Field,U11A,8,CVL,
133,5/4/13,2:00 PM,CVL Warrior Field,U11A,9,UNV,
501,5/4/13,4:00 PM,CVL Warrior Field,U11B,9,CVL2,
501,5/4/13,4:00 PM,CVL Warrior Field,U11B,7,ST,
57,5/4/13,2:00 PM,GV Great Valley MS,U15A,8,GV,
57,5/4/13,2:00 PM,GV Great Valley MS,U15A,8,LV,
576,5/4/13,4:00 PM,GV Great Valley MS,U11B,8,GV2,
576,5/4/13,4:00 PM,GV Great Valley MS,U11B,8,BYC2,
272,5/4/13,10:00 AM,KEN Legacy Field C,U15B,10,KEN,
272,5/4/13,10:00 AM,KEN Legacy Field C,U15B,8,COV,
634,5/4/13,12:00 PM,KEN Legacy Field C,U11B,7,KEN2,
634,5/4/13,12:00 PM,KEN Legacy Field C,U11B,8,KEN1,
175,5/4/13,2:00 PM,KEN Legacy Field C,U11A,9,KEN,
175,5/4/13,2:00 PM,KEN Legacy Field C,U11A,10,WC2,
546,5/4/13,12:00 PM,LV Eagleview 1,U11B,8,LV2,
546,5/4/13,12:00 PM,LV Eagleview 1,U11B,7,ABG3,
504,5/4/13,2:00 PM,LV Eagleview 2,U11B,8,LV1,
504,5/4/13,2:00 PM,LV Eagleview 2,U11B,8,CVL3,
215,5/4/13,12:00 PM,LV Pine Creek 1,U13C,7,LV1,
215,5/4/13,12:00 PM,LV Pine Creek 1,U13C,6,ASH,
320,5/4/13,2:00 PM,LV Pine Creek 1,U15B,8,LV,
320,5/4/13,2:00 PM,LV Pine Creek 1,U15B,8,WC3,
224,5/4/13,4:00 PM,LV Pine Creek 1,U13C,7,LV2,
224,5/4/13,4:00 PM,LV Pine Creek 1,U13C,7,ST,
528,5/4/13,10:00 AM,PHX PMYC,U11B,9,PHX,
528,5/4/13,10:00 AM,PHX PMYC,U11B,8,ABG2,
399,5/4/13,12:00 PM,ST TE Middle Sch 2,U13B,8,ST2,
399,5/4/13,12:00 PM,ST TE Middle Sch 2,U13B,9,WC1,
312,5/4/13,2:00 PM,ST Wilson Park TEYSA,U15B,10,ST,
312,5/4/13,2:00 PM,ST Wilson Park TEYSA,U15B,8,WC2,
563,5/4/13,2:00 PM,UNV Patton MS 17,U11B,9,UNV,
563,5/4/13,2:00 PM,UNV Patton MS 17,U11B,10,GV1,
446,5/4/13,4:00 PM,UNV Patton MS 17,U13B,9,UNV,
446,5/4/13,4:00 PM,UNV Patton MS 17,U13B,7,BYC2,
102,5/4/13,4:00 PM,UNV Upland Country DS,U13A,7,UNV1,
102,5/4/13,4:00 PM,UNV Upland Country DS,U13A,6,ST,
343,5/4/13,12:00 PM,WB Downingtown MS,U15B,8,WB,
343,5/4/13,12:00 PM,WB Downingtown MS,U15B,8,BYC,
407,5/4/13,10:00 AM,WB Embreeville,U13B,8,WB2,
407,5/4/13,10:00 AM,WB Embreeville,U13B,8,WC2,
56,5/4/13,10:00 AM,WC Kelly Field,U15A,9,WC,
56,5/4/13,10:00 AM,WC Kelly Field,U15A,10,ST,
326,5/4/13,12:00 PM,WC Kelly Field,U15B,7,WC1,
326,5/4/13,12:00 PM,WC Kelly Field,U15B,8,GV,
585,5/4/13,2:00 PM,WC Kelly Field,U11B,9,WC1,
585,5/4/13,2:00 PM,WC Kelly Field,U11B,7,WB2,
414,5/4/13,4:00 PM,WC Kelly Field,U13B,8,WC3,
414,5/4/13,4:00 PM,WC Kelly Field,U13B,9,WC4,
296,5/5/13,12:00 PM,ABG Huntingdon Upper,U15B,8,ABG,
296,5/5/13,12:00 PM,ABG Huntingdon Upper,U15B,8,AVG,
73,5/5/13,12:00 PM,ASH Lower Merion HS,U13A,7,ASH,
73,5/5/13,12:00 PM,ASH Lower Merion HS,U13A,7,COV,
222,5/5/13,2:00 PM,ASH Lower Merion HS,U13C,7,ASH,
222,5/5/13,2:00 PM,ASH Lower Merion HS,U13C,7,KEN,
152,5/5/13,4:00 PM,ASH Lower Merion HS,U11A,8,ASH,
152,5/5/13,4:00 PM,ASH Lower Merion HS,U11A,8,AVG,
89,5/5/13,12:00 PM,BYC Garnet Valley MS,U13A,8,BYC,
89,5/5/13,12:00 PM,BYC Garnet Valley MS,U13A,7,ABG,
10,5/5/13,12:00 PM,COV OJR HS,U15A,8,COV,
10,5/5/13,12:00 PM,COV OJR HS,U15A,7,ABG,
517,5/5/13,2:00 PM,COV OJR HS,U11B,8,COV1,
517,5/5/13,2:00 PM,COV OJR HS,U11B,9,ABG1,
519,5/5/13,4:00 PM,COV OJR HS,U11B,9,COV2,
519,5/5/13,4:00 PM,COV OJR HS,U11B,8,ABG3,
 ,5/5/13,3:00 PM,GV Great Valley HS,U13 CCLA,1,TRYOUTS,
 ,5/5/13,3:00 PM,GV Great Valley HS,U13 CCLA,1,ALL STAR,
 ,5/5/13,5:30 PM,GV Great Valley HS,U15 CCLA,1,TRYOUTS,
 ,5/5/13,5:30 PM,GV Great Valley HS,U15 CCLA,1,ALL STAR,
300,5/6/13,6:30 PM,ABG Huntingdon Lower N,U15B,9,ABG,
300,5/6/13,6:30 PM,ABG Huntingdon Lower N,U15B,9,LV,
303,5/6/13,6:30 PM,ASH Lower Merion HS,U15B,9,ASH,
303,5/6/13,6:30 PM,ASH Lower Merion HS,U15B,9,WC3,
255,5/6/13,6:30 PM,BYC Bethel Spr ES 12,U13C,9,BYC,
255,5/6/13,6:30 PM,BYC Bethel Spr ES 12,U13C,8,KEN,
330,5/6/13,6:30 PM,BYC Garnet Valley MS,U15B,9,BYC,
330,5/6/13,6:30 PM,BYC Garnet Valley MS,U15B,8,WC1,
473,5/6/13,7:00 PM,COV OJR HS,U13B,8,COV1,
473,5/6/13,7:00 PM,COV OJR HS,U13B,9,WB1,
329,5/6/13,6:30 PM,GV Great Valley MS,U15B,9,GV,
329,5/6/13,6:30 PM,GV Great Valley MS,U15B,9,WB,
413,5/6/13,6:30 PM,KEN Kennett HS,U13B,9,KEN,
413,5/6/13,6:30 PM,KEN Kennett HS,U13B,9,WC2,
465,5/6/13,6:30 PM,ST TE Middle Sch 1,U13B,8,ST1,
465,5/6/13,6:30 PM,ST TE Middle Sch 1,U13B,10,BYC1,
223,5/6/13,6:30 PM,ST TE Middle Sch 2,U13C,8,ST,
223,5/6/13,6:30 PM,ST TE Middle Sch 2,U13C,8,LV1,
338,5/6/13,6:30 PM,WC Kelly Field,U15B,9,WC2,
338,5/6/13,6:30 PM,WC Kelly Field,U15B,11,KEN,
204,5/7/13,6:30 PM,ABG Huntingdon Lower N,U13C,11,ABG,
204,5/7/13,6:30 PM,ABG Huntingdon Lower N,U13C,8,ASH,
377,5/7/13,6:30 PM,ASH Lower Merion HS,U13B,8,ASH,
377,5/7/13,6:30 PM,ASH Lower Merion HS,U13B,8,PHX,
422,5/7/13,6:30 PM,AVG Avon Grove HS 1,U13B,9,AVG2,
422,5/7/13,6:30 PM,AVG Avon Grove HS 1,U13B,9,WC3,
466,5/7/13,6:30 PM,BYC Garnet Valley MS,U13B,8,BYC2,
466,5/7/13,6:30 PM,BYC Garnet Valley MS,U13B,9,ST2,
76,5/7/13,7:00 PM,COV OJR HS,U13A,8,COV,
76,5/7/13,7:00 PM,COV OJR HS,U13A,8,GV,
357,5/7/13,6:30 PM,CVL Black Rock 6,U13B,9,CVL,
357,5/7/13,6:30 PM,CVL Black Rock 6,U13B,9,LV2,
67,5/7/13,6:30 PM,CVL Mt Kirk,U13A,8,CVL,
67,5/7/13,6:30 PM,CVL Mt Kirk,U13A,6,WC,
373,5/7/13,6:30 PM,LV Lionville MS,U13B,9,LV1,
373,5/7/13,6:30 PM,LV Lionville MS,U13B,10,COV2,
544,5/8/13,6:30 PM,ABG Huntingdon Lower S,U11B,9,ABG3,
544,5/8/13,6:30 PM,ABG Huntingdon Lower S,U11B,8,ST,
600,5/8/13,6:30 PM,AVG Harmony Park,U11B,9,AVG1,
600,5/8/13,6:30 PM,AVG Harmony Park,U11B,8,WB1,
628,5/8/13,6:30 PM,BYC Bethel Spr ES 12,U11B,10,BYC3,
628,5/8/13,6:30 PM,BYC Bethel Spr ES 12,U11B,8,KEN2,
151,5/8/13,6:30 PM,BYC Concord Municipal 2,U11A,8,BYC,
151,5/8/13,6:30 PM,BYC Concord Municipal 2,U11A,9,ASH,
496,5/8/13,7:00 PM,COV OJR HS,U11B,9,COV1,
496,5/8/13,7:00 PM,COV OJR HS,U11B,10,CVL2,
127,5/8/13,6:30 PM,CVL Mt Kirk,U11A,9,CVL,
127,5/8/13,6:30 PM,CVL Mt Kirk,U11A,10,ABG,
505,5/8/13,6:30 PM,CVL Warrior Field,U11B,9,CVL3,
505,5/8/13,6:30 PM,CVL Warrior Field,U11B,9,LV2,
562,5/8/13,6:30 PM,GV Great Valley MS,U11B,11,GV1,
562,5/8/13,6:30 PM,GV Great Valley MS,U11B,8,WB2,
556,5/8/13,6:30 PM,LV Eagleview 1,U11B,9,LV1,
556,5/8/13,6:30 PM,LV Eagleview 1,U11B,9,LV3,
163,5/8/13,6:30 PM,LV Eagleview 2,U11A,9,LV,
163,5/8/13,6:30 PM,LV Eagleview 2,U11A,10,UNV,
613,5/8/13,6:30 PM,UNV Patton MS 17,U11B,10,UNV,
613,5/8/13,6:30 PM,UNV Patton MS 17,U11B,9,BYC2,
587,5/8/13,6:30 PM,WC Kelly Field,U11B,10,WC1,
587,5/8/13,6:30 PM,WC Kelly Field,U11B,10,BYC1,
573,5/8/13,8:00 PM,WC Kelly Field,U11B,9,WC2,
573,5/8/13,8:00 PM,WC Kelly Field,U11B,9,GV2,
20,5/9/13,6:30 PM,ABG Huntingdon Lower S,U15A,8,ABG,
20,5/9/13,6:30 PM,ABG Huntingdon Lower S,U15A,9,LV,
47,5/9/13,6:30 PM,ASH Haverford Upper,U15A,9,ASH,
47,5/9/13,6:30 PM,ASH Haverford Upper,U15A,10,CVL,
59,5/9/13,6:30 PM,BYC Garnet Valley MS,U15A,9,BYC,
59,5/9/13,6:30 PM,BYC Garnet Valley MS,U15A,10,WC,
259,5/9/13,6:30 PM,CVL Mt Kirk,U15B,8,CVL,
259,5/9/13,6:30 PM,CVL Mt Kirk,U15B,9,COV,
49,5/9/13,6:30 PM,ST Wilson Park CYL,U15A,11,ST,
49,5/9/13,6:30 PM,ST Wilson Park CYL,U15A,9,COV,
189,5/9/13,6:30 PM,WC Kelly Field,U11A,9,WC1,
189,5/9/13,6:30 PM,WC Kelly Field,U11A,9,AVG,
141,5/11/13,12:00 PM,ABG Huntingdon Upper,U11A,11,ABG,
141,5/11/13,12:00 PM,ABG Huntingdon Upper,U11A,11,WC2,
216,5/11/13,10:00 AM,ASH Lower Merion HS,U13C,9,ASH,
216,5/11/13,10:00 AM,ASH Lower Merion HS,U13C,8,LV2,
363,5/11/13,12:00 PM,ASH Lower Merion HS,U13B,9,ASH,
363,5/11/13,12:00 PM,ASH Lower Merion HS,U13B,9,COV1,
543,5/11/13,2:00 PM,ASH Lower Merion HS,U11B,9,ASH,
543,5/11/13,2:00 PM,ASH Lower Merion HS,U11B,9,ABG2,
39,5/11/13,10:00 AM,AVG Avon Grove HS 1,U15A,10,AVG,
39,5/11/13,10:00 AM,AVG Avon Grove HS 1,U15A,10,LV,
627,5/11/13,12:00 PM,AVG Avon Grove HS 1,U11B,10,AVG2,
627,5/11/13,12:00 PM,AVG Avon Grove HS 1,U11B,11,BYC3,
285,5/11/13,10:00 AM,AVG Avon Grove HS 2,U15B,9,AVG,
285,5/11/13,10:00 AM,AVG Avon Grove HS 2,U15B,9,PHX,
608,5/11/13,12:00 PM,AVG Avon Grove HS 2,U11B,10,AVG1,
608,5/11/13,12:00 PM,AVG Avon Grove HS 2,U11B,9,WB2,
256,5/11/13,2:00 PM,AVG Avon Grove HS 2,U13C,10,AVG1,
256,5/11/13,2:00 PM,AVG Avon Grove HS 2,U13C,9,AVG2,
640,5/11/13,10:00 AM,BYC Concord Municipal 2,U11B,10,BYC2,
640,5/11/13,10:00 AM,BYC Concord Municipal 2,U11B,10,PHX,
179,5/11/13,12:00 PM,BYC Concord Municipal 2,U11A,9,BYC,
179,5/11/13,12:00 PM,BYC Concord Municipal 2,U11A,10,AVG,
340,5/11/13,2:00 PM,BYC Garnet Valley MS,U15B,10,BYC,
340,5/11/13,2:00 PM,BYC Garnet Valley MS,U15B,10,WC3,
53,5/11/13,4:00 PM,BYC Garnet Valley MS,U15A,10,BYC,
53,5/11/13,4:00 PM,BYC Garnet Valley MS,U15A,10,ASH,
369,5/11/13,2:00 PM,COV Batdorf Park,U13B,11,COV2,
369,5/11/13,2:00 PM,COV Batdorf Park,U13B,9,ABG,
72,5/11/13,4:00 PM,COV Batdorf Park,U13A,9,COV,
72,5/11/13,4:00 PM,COV Batdorf Park,U13A,8,ABG,
639,5/11/13,12:00 PM,COV OJR HS,U11B,10,COV2,
639,5/11/13,12:00 PM,COV OJR HS,U11B,10,GV2,
279,5/11/13,2:00 PM,COV OJR HS,U15B,10,COV,
279,5/11/13,2:00 PM,COV OJR HS,U15B,9,WC1,
14,5/11/13,4:00 PM,COV OJR HS,U15A,10,COV,
14,5/11/13,4:00 PM,COV OJR HS,U15A,9,GV,
199,5/11/13,10:00 AM,CVL Warrior Field,U13C,9,CVL,
199,5/11/13,10:00 AM,CVL Warrior Field,U13C,8,WC,
482,5/11/13,12:00 PM,CVL Warrior Field,U11B,10,CVL3,
482,5/11/13,12:00 PM,CVL Warrior Field,U11B,10,CVL1,
497,5/11/13,2:00 PM,CVL Warrior Field,U11B,11,CVL2,
497,5/11/13,2:00 PM,CVL Warrior Field,U11B,10,ABG1,
131,5/11/13,4:00 PM,CVL Warrior Field,U11A,10,CVL,
131,5/11/13,4:00 PM,CVL Warrior Field,U11A,10,WC1,
327,5/11/13,12:15 PM,GV Great Valley MS,U15B,10,GV,
327,5/11/13,12:15 PM,GV Great Valley MS,U15B,10,WC2,
618,5/11/13,12:00 PM,KEN Legacy Field C,U11B,9,KEN2,
618,5/11/13,12:00 PM,KEN Legacy Field C,U11B,11,BYC1,
557,5/11/13,12:00 PM,LV Eagleview 2,U11B,10,LV3,
557,5/11/13,12:00 PM,LV Eagleview 2,U11B,10,LV2,
264,5/11/13,10:00 AM,LV Pine Creek 2,U15B,10,LV,
264,5/11/13,10:00 AM,LV Pine Creek 2,U15B,9,CVL,
645,5/11/13,10:00 AM,ST TE Middle Sch 1,U11B,9,ST,
645,5/11/13,10:00 AM,ST TE Middle Sch 1,U11B,11,UNV,
227,5/11/13,12:00 PM,ST TE Middle Sch 2,U13C,9,ST,
227,5/11/13,12:00 PM,ST TE Middle Sch 2,U13C,10,BYC,
154,5/11/13,2:00 PM,ST TE Middle Sch 2,U11A,9,ST,
154,5/11/13,2:00 PM,ST TE Middle Sch 2,U11A,10,LV,
101,5/11/13,12:00 PM,ST Wilson Park TEYSA,U13A,7,ST,
101,5/11/13,12:00 PM,ST Wilson Park TEYSA,U13A,7,WC,
178,5/11/13,2:00 PM,UNV Patton MS 17,U11A,11,UNV,
178,5/11/13,2:00 PM,UNV Patton MS 17,U11A,10,KEN,
418,5/11/13,4:00 PM,UNV Patton MS 17,U13B,10,UNV,
418,5/11/13,4:00 PM,UNV Patton MS 17,U13B,10,WC3,
123,5/11/13,2:00 PM,UNV Upland Country DS,U13A,8,UNV1,
123,5/11/13,2:00 PM,UNV Upland Country DS,U13A,9,AVG,
306,5/11/13,4:00 PM,WB Downingtown MS,U15B,10,WB,
306,5/11/13,4:00 PM,WB Downingtown MS,U15B,10,ASH,
462,5/11/13,10:00 AM,WB Embreeville,U13B,10,WB1,
462,5/11/13,10:00 AM,WB Embreeville,U13B,9,PHX,
441,5/11/13,12:00 PM,WB Embreeville,U13B,9,WB2,
441,5/11/13,12:00 PM,WB Embreeville,U13B,9,AVG1,
595,5/11/13,2:00 PM,WB Embreeville,U11B,9,WB1,
595,5/11/13,2:00 PM,WB Embreeville,U11B,10,WC2,
429,5/11/13,10:00 AM,WC Kelly Field,U13B,10,WC4,
429,5/11/13,10:00 AM,WC Kelly Field,U13B,10,AVG2,
397,5/11/13,12:00 PM,WC Kelly Field,U13B,10,WC1,
397,5/11/13,12:00 PM,WC Kelly Field,U13B,9,ST1,
410,5/11/13,2:00 PM,WC Kelly Field,U13B,10,WC2,
410,5/11/13,2:00 PM,WC Kelly Field,U13B,9,BYC2,
51,5/11/13,4:00 PM,WC Kelly Field,U15A,11,WC,
51,5/11/13,4:00 PM,WC Kelly Field,U15A,9,ABG,
393,5/13/13,6:30 PM,ASH Lower Merion HS,U13B,10,ASH,
393,5/13/13,6:30 PM,ASH Lower Merion HS,U13B,10,LV2,
457,5/13/13,6:30 PM,AVG Harmony Park,U13B,10,AVG1,
457,5/13/13,6:30 PM,AVG Harmony Park,U13B,10,KEN,
281,5/13/13,7:00 PM,COV OJR HS,U15B,11,COV,
281,5/13/13,7:00 PM,COV OJR HS,U15B,11,WC3,
263,5/13/13,6:30 PM,CVL Mt Kirk,U15B,10,CVL,
263,5/13/13,6:30 PM,CVL Mt Kirk,U15B,11,ST,
244,5/13/13,6:30 PM,GV Great Valley MS,U13C,10,GV,
244,5/13/13,6:30 PM,GV Great Valley MS,U13C,9,WC,
231,5/13/13,6:30 PM,LV Pine Creek 1,U13C,9,LV1,
231,5/13/13,6:30 PM,LV Pine Creek 1,U13C,9,LV2,
385,5/13/13,6:30 PM,ST TE Middle Sch 2,U13B,10,ST2,
385,5/13/13,6:30 PM,ST TE Middle Sch 2,U13B,10,ABG,
84,5/14/13,6:30 PM,ABG Huntingdon Lower S,U13A,9,ABG,
84,5/14/13,6:30 PM,ABG Huntingdon Lower S,U13A,8,LV,
95,5/14/13,6:30 PM,ASH Lower Merion HS,U13A,8,ASH,
95,5/14/13,6:30 PM,ASH Lower Merion HS,U13A,9,UNV1,
120,5/14/13,6:30 PM,AVG Avon Grove HS 1,U13A,10,AVG,
120,5/14/13,6:30 PM,AVG Avon Grove HS 1,U13A,8,WC,
440,5/14/13,6:30 PM,BYC Garnet Valley MS,U13B,10,BYC2,
440,5/14/13,6:30 PM,BYC Garnet Valley MS,U13B,10,WB2,
362,5/14/13,7:00 PM,COV OJR HS,U13B,10,COV1,
362,5/14/13,7:00 PM,COV OJR HS,U13B,10,ST1,
351,5/14/13,6:30 PM,CVL Mt Kirk,U13B,10,CVL,
351,5/14/13,6:30 PM,CVL Mt Kirk,U13B,10,PHX,
230,5/14/13,6:30 PM,KEN Legacy Field B,U13C,9,KEN,
230,5/14/13,6:30 PM,KEN Legacy Field B,U13C,10,ST,
402,5/14/13,6:30 PM,LV Lionville MS,U13B,10,LV1,
402,5/14/13,6:30 PM,LV Lionville MS,U13B,11,WC1,
64,5/14/13,6:30 PM,ST Wilson Park CYL,U13A,8,ST,
64,5/14/13,6:30 PM,ST Wilson Park CYL,U13A,9,CVL,
408,5/14/13,6:30 PM,WC Kelly Field,U13B,11,WC2,
408,5/14/13,6:30 PM,WC Kelly Field,U13B,11,UNV,
500,5/15/13,6:30 PM,ABG Huntingdon Lower N,U11B,10,ABG2,
500,5/15/13,6:30 PM,ABG Huntingdon Lower N,U11B,12,CVL2,
536,5/15/13,6:30 PM,ABG Huntingdon Lower S,U11B,11,ABG1,
536,5/15/13,6:30 PM,ABG Huntingdon Lower S,U11B,10,ABG3,
146,5/15/13,6:30 PM,ASH Lower Merion HS,U11A,10,ASH,
146,5/15/13,6:30 PM,ASH Lower Merion HS,U11A,10,ST,
170,5/15/13,6:30 PM,AVG Harmony Park,U11A,11,AVG,
170,5/15/13,6:30 PM,AVG Harmony Park,U11A,11,WC1,
626,5/15/13,6:30 PM,BYC Bethel Spr ES 12,U11B,12,BYC3,
626,5/15/13,6:30 PM,BYC Bethel Spr ES 12,U11B,9,KEN1,
518,5/15/13,7:00 PM,COV OJR HS,U11B,11,COV2,
518,5/15/13,7:00 PM,COV OJR HS,U11B,10,COV1,
572,5/15/13,6:30 PM,GV Great Valley MS,U11B,11,GV2,
572,5/15/13,6:30 PM,GV Great Valley MS,U11B,10,WB1,
646,5/15/13,6:30 PM,KEN Legacy Field B,U11B,10,KEN2,
646,5/15/13,6:30 PM,KEN Legacy Field B,U11B,10,LV1,
648,5/15/13,6:30 PM,LV Eagleview 2,U11B,11,LV3,
648,5/15/13,6:30 PM,LV Eagleview 2,U11B,11,AVG2,
490,5/15/13,6:30 PM,ST TE Middle Sch 2,U11B,10,ST,
490,5/15/13,6:30 PM,ST TE Middle Sch 2,U11B,11,CVL1,
605,5/15/13,6:30 PM,WB Embreeville,U11B,10,WB2,
605,5/15/13,6:30 PM,WB Embreeville,U11B,12,BYC1,
583,5/15/13,6:30 PM,WC Kelly Field,U11B,11,WC2,
583,5/15/13,6:30 PM,WC Kelly Field,U11B,11,WC1,
52,5/16/13,6:30 PM,ABG Huntingdon Lower N,U15A,10,ABG,
52,5/16/13,6:30 PM,ABG Huntingdon Lower N,U15A,10,GV,
298,5/16/13,6:30 PM,ABG Huntingdon Lower S,U15B,10,ABG,
298,5/16/13,6:30 PM,ABG Huntingdon Lower S,U15B,11,ASH,
60,5/16/13,6:30 PM,AVG Avon Grove HS 1,U15A,11,AVG,
60,5/16/13,6:30 PM,AVG Avon Grove HS 1,U15A,11,BYC,
284,5/16/13,6:30 PM,PHX PMYC,U15B,10,PHX,
284,5/16/13,6:30 PM,PHX PMYC,U15B,12,KEN,
323,5/16/13,6:30 PM,WB Downingtown MS,U15B,11,WB,
323,5/16/13,6:30 PM,WB Downingtown MS,U15B,11,LV,
331,5/16/13,6:30 PM,WC Kelly Field,U15B,10,WC1,
331,5/16/13,6:30 PM,WC Kelly Field,U15B,10,AVG,
336,5/16/13,8:00 PM,WC Kelly Field,U15B,11,WC2,
336,5/16/13,8:00 PM,WC Kelly Field,U15B,11,BYC,
220,5/17/13,6:30 PM,ASH Lower Merion HS,U13C,10,ASH,
220,5/17/13,6:30 PM,ASH Lower Merion HS,U13C,11,AVG1,
529,5/18/13,2:00 PM,ABG Huntingdon Lower S,U11B,11,ABG3,
529,5/18/13,2:00 PM,ABG Huntingdon Lower S,U11B,11,PHX,
2,5/18/13,4:00 PM,ABG Huntingdon Lower S,U15A,11,ABG,
2,5/18/13,4:00 PM,ABG Huntingdon Lower S,U15A,11,CVL,
537,5/18/13,12:00 PM,ASH Lower Merion HS,U11B,10,ASH,
537,5/18/13,12:00 PM,ASH Lower Merion HS,U11B,12,ABG1,
391,5/18/13,2:00 PM,ASH Lower Merion HS,U13B,11,ASH,
391,5/18/13,2:00 PM,ASH Lower Merion HS,U13B,11,ST2,
17,5/18/13,10:00 AM,AVG Avon Grove HS 1,U15A,12,AVG,
17,5/18/13,10:00 AM,AVG Avon Grove HS 1,U15A,11,COV,
221,5/18/13,2:00 PM,AVG Avon Grove HS 1,U13C,10,AVG2,
221,5/18/13,2:00 PM,AVG Avon Grove HS 1,U13C,11,ASH,
428,5/18/13,10:00 AM,AVG Harmony Park,U13B,11,AVG1,
428,5/18/13,10:00 AM,AVG Harmony Park,U13B,11,WC4,
468,5/18/13,12:00 PM,AVG Harmony Park,U13B,11,AVG2,
468,5/18/13,12:00 PM,AVG Harmony Park,U13B,11,LV2,
200,5/18/13,2:00 PM,BYC Concord Municipal 1,U13C,11,BYC,
200,5/18/13,2:00 PM,BYC Concord Municipal 1,U13C,10,CVL,
187,5/18/13,12:00 PM,BYC Concord Municipal 2,U11A,10,BYC,
187,5/18/13,12:00 PM,BYC Concord Municipal 2,U11A,11,ST,
449,5/18/13,10:00 AM,BYC Garnet Valley MS,U13B,11,BYC1,
449,5/18/13,10:00 AM,BYC Garnet Valley MS,U13B,11,BYC2,
346,5/18/13,12:00 PM,BYC Garnet Valley MS,U15B,12,BYC,
346,5/18/13,12:00 PM,BYC Garnet Valley MS,U15B,11,AVG,
41,5/18/13,2:00 PM,BYC Garnet Valley MS,U15A,12,BYC,
41,5/18/13,2:00 PM,BYC Garnet Valley MS,U15A,11,GV,
80,5/18/13,4:00 PM,COV OJR HS,U13A,10,COV,
80,5/18/13,4:00 PM,COV OJR HS,U13A,9,BYC,
483,5/18/13,10:00 AM,CVL Warrior Field,U11B,12,CVL1,
483,5/18/13,10:00 AM,CVL Warrior Field,U11B,11,COV1,
507,5/18/13,12:00 PM,CVL Warrior Field,U11B,11,CVL3,
507,5/18/13,12:00 PM,CVL Warrior Field,U11B,12,COV2,
568,5/18/13,12:15 PM,GV Great Valley MS,U11B,12,GV1,
568,5/18/13,12:15 PM,GV Great Valley MS,U11B,12,AVG2,
302,5/18/13,2:00 PM,GV Great Valley MS,U15B,11,GV,
302,5/18/13,2:00 PM,GV Great Valley MS,U15B,12,ASH,
85,5/18/13,4:00 PM,GV Great Valley MS,U13A,9,GV,
85,5/18/13,4:00 PM,GV Great Valley MS,U13A,10,ABG,
631,5/18/13,12:00 PM,KEN Kennett HS,U11B,11,KEN2,
631,5/18/13,12:00 PM,KEN Kennett HS,U11B,11,AVG1,
153,5/18/13,10:00 AM,KEN Legacy Field C,U11A,11,KEN,
153,5/18/13,10:00 AM,KEN Legacy Field C,U11A,11,ASH,
593,5/18/13,12:00 PM,KEN Legacy Field C,U11B,10,KEN1,
593,5/18/13,12:00 PM,KEN Legacy Field C,U11B,12,WC2,
243,5/18/13,2:00 PM,KEN Legacy Field C,U13C,10,KEN,
243,5/18/13,2:00 PM,KEN Legacy Field C,U13C,10,LV2,
539,5/18/13,12:00 PM,LV Eagleview 1,U11B,11,LV1,
539,5/18/13,12:00 PM,LV Eagleview 1,U11B,11,ABG2,
161,5/18/13,10:00 AM,LV Eagleview 2,U11A,11,LV,
161,5/18/13,10:00 AM,LV Eagleview 2,U11A,12,WC1,
356,5/18/13,2:00 PM,LV Hoeffecker,U13B,11,LV1,
356,5/18/13,2:00 PM,LV Hoeffecker,U13B,11,CVL,
233,5/18/13,4:00 PM,LV Hoeffecker,U13C,10,LV1,
233,5/18/13,4:00 PM,LV Hoeffecker,U13C,10,WC,
286,5/18/13,2:00 PM,PHX PMYC,U15B,11,PHX,
286,5/18/13,2:00 PM,PHX PMYC,U15B,11,ABG,
378,5/18/13,4:00 PM,PHX PMYC,U13B,11,PHX,
378,5/18/13,4:00 PM,PHX PMYC,U13B,11,ST1,
553,5/18/13,2:00 PM,ST TE Middle Sch 2,U11B,11,ST,
553,5/18/13,2:00 PM,ST TE Middle Sch 2,U11B,11,LV2,
99,5/18/13,10:00 AM,ST Wilson Park TEYSA,U13A,9,ST,
99,5/18/13,10:00 AM,ST Wilson Park TEYSA,U13A,9,LV,
31,5/18/13,12:00 PM,ST Wilson Park TEYSA,U15A,12,ST,
31,5/18/13,12:00 PM,ST Wilson Park TEYSA,U15A,11,LV,
604,5/18/13,12:00 PM,UNV Patton MS 17,U11B,12,UNV,
604,5/18/13,12:00 PM,UNV Patton MS 17,U11B,11,WB2,
142,5/18/13,2:00 PM,UNV Patton MS 17,U11A,12,UNV,
142,5/18/13,2:00 PM,UNV Patton MS 17,U11A,12,ABG,
68,5/18/13,4:00 PM,UNV Upland Country DS,U13A,10,UNV1,
68,5/18/13,4:00 PM,UNV Upland Country DS,U13A,10,CVL,
596,5/18/13,2:00 PM,WB Embreeville,U11B,11,WB1,
596,5/18/13,2:00 PM,WB Embreeville,U11B,11,BYC2,
436,5/18/13,4:00 PM,WB Embreeville,U13B,11,WB1,
436,5/18/13,4:00 PM,WB Embreeville,U13B,11,KEN,
94,5/18/13,12:00 PM,WC Kelly Field,U13A,9,WC,
94,5/18/13,12:00 PM,WC Kelly Field,U13A,9,ASH,
266,5/18/13,2:00 PM,WC Kelly Field,U15B,11,WC1,
266,5/18/13,2:00 PM,WC Kelly Field,U15B,11,CVL,
415,5/18/13,4:00 PM,WC Kelly Field,U13B,11,WC3,
415,5/18/13,4:00 PM,WC Kelly Field,U13B,11,WB2,
545,5/19/13,12:00 PM,ABG Huntingdon Lower N,U11B,12,ABG3,
545,5/19/13,12:00 PM,ABG Huntingdon Lower N,U11B,12,LV1,
11,5/19/13,2:00 PM,ASH Lower Merion HS,U15A,11,ASH,
11,5/19/13,2:00 PM,ASH Lower Merion HS,U15A,12,COV,
134,5/19/13,2:00 PM,BYC Garnet Valley MS,U11A,11,BYC,
134,5/19/13,2:00 PM,BYC Garnet Valley MS,U11A,11,CVL,
360,5/19/13,2:00 PM,COV OJR HS,U13B,11,COV1,
360,5/19/13,2:00 PM,COV OJR HS,U13B,11,ABG,
203,5/19/13,2:00 PM,CVL Warrior Field,U13C,11,CVL,
203,5/19/13,2:00 PM,CVL Warrior Field,U13C,11,KEN,
644,5/19/13,2:00 PM,KEN Kennett MS,U11B,11,KEN1,
644,5/19/13,2:00 PM,KEN Kennett MS,U11B,11,ASH,
426,5/20/13,6:30 PM,BYC Garnet Valley MS,U13B,12,BYC1,
426,5/20/13,6:30 PM,BYC Garnet Valley MS,U13B,12,WC4,
359,5/20/13,7:00 PM,COV OJR HS,U13B,12,COV1,
359,5/20/13,7:00 PM,COV OJR HS,U13B,12,COV2,
261,5/20/13,6:30 PM,CVL Mt Kirk,U15B,12,CVL,
261,5/20/13,6:30 PM,CVL Mt Kirk,U15B,12,ABG,
232,5/20/13,6:30 PM,GV Great Valley MS,U13C,11,GV,
232,5/20/13,6:30 PM,GV Great Valley MS,U13C,11,LV1,
288,5/20/13,6:30 PM,PHX PMYC,U15B,12,PHX,
288,5/20/13,6:30 PM,PHX PMYC,U15B,12,ST,
431,5/20/13,6:30 PM,WB Embreeville,U13B,12,WB2,
431,5/20/13,6:30 PM,WB Embreeville,U13B,12,WB1,
339,5/20/13,6:30 PM,WC Kelly Field,U15B,12,WC3,
339,5/20/13,6:30 PM,WC Kelly Field,U15B,12,WB,
376,5/21/13,7:00 PM,ABG Huntingdon Upper,U13B,12,ABG,
376,5/21/13,7:00 PM,ABG Huntingdon Upper,U13B,12,PHX,
97,5/21/13,6:30 PM,ASH Lower Merion HS,U13A,10,ASH,
97,5/21/13,6:30 PM,ASH Lower Merion HS,U13A,10,BYC,
478,5/21/13,6:30 PM,AVG Avon Grove HS 1,U13B,12,AVG1,
478,5/21/13,6:30 PM,AVG Avon Grove HS 1,U13B,12,WC1,
420,5/21/13,6:30 PM,BYC Garnet Valley MS,U13B,12,BYC2,
420,5/21/13,6:30 PM,BYC Garnet Valley MS,U13B,12,WC3,
355,5/21/13,6:30 PM,CVL Mt Kirk,U13B,12,CVL,
355,5/21/13,6:30 PM,CVL Mt Kirk,U13B,12,ST2,
100,5/21/13,6:30 PM,GV Great Valley MS,U13A,10,GV,
100,5/21/13,6:30 PM,GV Great Valley MS,U13A,10,ST,
447,5/21/13,6:30 PM,KEN Legacy Field B,U13B,12,KEN,
447,5/21/13,6:30 PM,KEN Legacy Field B,U13B,12,UNV,
390,5/21/13,6:30 PM,LV Lionville MS,U13B,12,LV1,
390,5/21/13,6:30 PM,LV Lionville MS,U13B,12,ASH,
229,5/21/13,6:30 PM,ST TE Middle Sch 1,U13C,11,ST,
229,5/21/13,6:30 PM,ST TE Middle Sch 1,U13C,11,AVG2,
396,5/21/13,6:30 PM,ST TE Middle Sch 2,U13B,12,ST1,
396,5/21/13,6:30 PM,ST TE Middle Sch 2,U13B,12,LV2,
239,5/21/13,6:30 PM,WC Kelly Field,U13C,11,WC,
239,5/21/13,6:30 PM,WC Kelly Field,U13C,11,LV2,
107,5/21/13,8:00 PM,WC Kelly Field,U13A,10,WC,
107,5/21/13,8:00 PM,WC Kelly Field,U13A,10,LV,
412,5/21/13,6:30 PM,WC Rustin HS Stadium,U13B,12,WC2,
412,5/21/13,6:30 PM,WC Rustin HS Stadium,U13B,12,AVG2,
128,5/22/13,6:30 PM,ASH Lower Merion HS,U11A,12,ASH,
128,5/22/13,6:30 PM,ASH Lower Merion HS,U11A,12,CVL,
192,5/22/13,6:30 PM,AVG Harmony Park,U11A,12,AVG,
192,5/22/13,6:30 PM,AVG Harmony Park,U11A,12,BYC,
621,5/22/13,6:30 PM,BYC Bethel Spr ES 12,U11B,12,BYC2,
621,5/22/13,6:30 PM,BYC Bethel Spr ES 12,U11B,12,AVG1,
510,5/22/13,6:30 PM,CVL Warrior Field,U11B,12,CVL3,
510,5/22/13,6:30 PM,CVL Warrior Field,U11B,12,ABG2,
569,5/22/13,6:30 PM,GV Great Valley MS,U11B,12,GV2,
569,5/22/13,6:30 PM,GV Great Valley MS,U11B,12,KEN1,
554,5/22/13,6:30 PM,LV Eagleview 1,U11B,12,LV3,
554,5/22/13,6:30 PM,LV Eagleview 1,U11B,12,ST,
516,5/22/13,6:30 PM,LV Eagleview 2,U11B,12,LV2,
516,5/22/13,6:30 PM,LV Eagleview 2,U11B,12,COV1,
530,5/22/13,6:30 PM,PHX PMYC,U11B,12,PHX,
530,5/22/13,6:30 PM,PHX PMYC,U11B,12,ASH,
160,5/22/13,6:30 PM,ST TE Middle Sch 2,U11A,12,ST,
160,5/22/13,6:30 PM,ST TE Middle Sch 2,U11A,12,KEN,
597,5/22/13,6:30 PM,WB Embreeville,U11B,12,WB2,
597,5/22/13,6:30 PM,WB Embreeville,U11B,12,WB1,
580,5/22/13,6:30 PM,WC Kelly Field,U11B,12,WC1,
580,5/22/13,6:30 PM,WC Kelly Field,U11B,12,KEN2,
162,5/22/13,8:00 PM,WC Kelly Field,U11A,12,WC2,
162,5/22/13,8:00 PM,WC Kelly Field,U11A,12,LV,
18,5/23/13,6:30 PM,ABG Huntingdon Lower N,U15A,12,ABG,
18,5/23/13,6:30 PM,ABG Huntingdon Lower N,U15A,12,ASH,
324,5/23/13,6:30 PM,AVG Avon Grove HS 1,U15B,12,AVG,
324,5/23/13,6:30 PM,AVG Avon Grove HS 1,U15B,12,GV,
7,5/23/13,6:30 PM,CVL Black Rock 6,U15A,12,CVL,
7,5/23/13,6:30 PM,CVL Black Rock 6,U15A,12,WC,
36,5/23/13,6:30 PM,LV Hoeffecker,U15A,12,LV,
36,5/23/13,6:30 PM,LV Hoeffecker,U15A,12,GV,
318,5/23/13,6:30 PM,LV Pine Creek 1,U15B,12,LV,
318,5/23/13,6:30 PM,LV Pine Creek 1,U15B,12,WC1,
280,5/23/13,6:30 PM,WC Kelly Field,U15B,12,WC2,
280,5/23/13,6:30 PM,WC Kelly Field,U15B,12,COV,
Make-up 1,5/24/13,6:30PM, , ,1,NEEDED,
Make-up 1,5/24/13,6:30PM, , ,1,IF,
Blackout,5/25/13,,, ,1,WEEKEND,
Blackout,5/25/13,,, ,1,MEM DAY,
Blackout,5/26/13,,, ,2,WEEKEND,
Blackout,5/26/13,,, ,2,MEM DAY,
Blackout,5/27/13,,, ,3,WEEKEND,
Blackout,5/27/13,,, ,3,MEM DAY,
Make-up 2,5/28/13,6:30PM, , ,2,NEEDED,
Make-up 2,5/28/13,6:30PM, , ,2,IF,
Playoff 1,5/29/13,6:30 PM,TBA: Playoff Round 1,U13B,1,TBA,
Playoff 1,5/29/13,6:30 PM,TBA: Playoff Round 1,U13B,2,TBA,
Playoff 1,5/29/13,6:30 PM,TBA: Playoff Round 1,U13A,1,TBA,
Playoff 1,5/29/13,6:30 PM,TBA: Playoff Round 1,U13A,2,TBA,
Playoff 1,5/30/13,6:30 PM,TBA: Playoff Round 1,U15B,1,TBA,
Playoff 1,5/30/13,6:30 PM,TBA: Playoff Round 1,U15B,2,TBA,
Playoff 1,5/30/13,6:30 PM,TBA: Playoff Round 1,U15A,1,TBA,
Playoff 1,5/30/13,6:30 PM,TBA: Playoff Round 1,U15A,2,TBA,
Playoff 2,6/1/13,6:30 PM,TBA: Playoff Round 2,U13B,3,TBA,
Playoff 2,6/1/13,6:30 PM,TBA: Playoff Round 2,U13B,4,TBA,
Playoff 2,6/1/13,6:30 PM,TBA: Playoff Round 2,U13A,3,TBA,
Playoff 2,6/1/13,6:30 PM,TBA: Playoff Round 2,U13A,4,TBA,
Playoff 2,6/2/13,6:30 PM,TBA: Playoff Round 2,U15B,3,TBA,
Playoff 2,6/2/13,6:30 PM,TBA: Playoff Round 2,U15B,4,TBA,
Playoff 2,6/2/13,6:30 PM,TBA: Playoff Round 2,U15A,3,TBA,
Playoff 2,6/2/13,6:30 PM,TBA: Playoff Round 2,U15A,4,TBA,
Champ,6/4/13,6:30 PM,USTC: Championship,U13B,5,TBA,
Champ,6/4/13,6:30 PM,USTC: Championship,U13B,6,TBA,
Champ,6/4/13,8:00 PM,USTC: Championship,U13A,5,TBA,
Champ,6/4/13,8:00 PM,USTC: Championship,U13A,6,TBA,
Champ,6/5/13,6:30 PM,USTC: Championship,U15B,5,TBA,
Champ,6/5/13,6:30 PM,USTC: Championship,U15B,6,TBA,
Champ,6/5/13,8:00 PM,USTC: Championship,U15A,5,TBA,
Champ,6/5/13,8:00 PM,USTC: Championship,U15A,6,TBA,
