Chester County Lacrosse Association,,,,,,,,
Spring 2013 Master Schedule (final version released 3/9/13 7:00PM),,,,,,,,
THIS IS THE FINAL SCHEDULE: REMIND COACHES OF THEIR LEAGUE OBLIGATION TO PLAY EVERY GAME AS SCHEDULED,,,,,,,,
"Field directions, rules, referee assignments, and the most current league information can be found at www.cclalax.org",,,,,,,,
,,,,,,,,
ABG = Abington,,CVL = Collegeville,,,PHX = Phoenixville,,,
ASH = Ashbee,,GV = Great Valley,,,ST = Conestoga,,,
AVG = Avon Grove,,KEN = Kennett,,,UNV = Unionville,,,
BYC = Brandywine,,LV = Lionville,,,WB = West Bradford/Downingtown MS,,,
COV = Coventry,,,,,WC = West Chester,,,
,,,,click arrow to,,,, filter for team
,,,,filter for level,,,," ""text filter contains"""
Game #,Date,Day,Time,Level,Visitor,Home,Field,Team
299,4/1/13,Mon,6:30 PM,U15B,ABG,ST,ST Wilson Park CYL,ABGST
438,4/1/13,Mon,6:30 PM,U13B,WB2,UNV,UNV Patton MS 17,WB2UNV
304,4/1/13,Mon,6:30 PM,U15B,ASH,WC2,WC Kelly Field,ASHWC2
62,4/2/13,Tue,6:30 PM,U13A,CVL,ABG,ABG Huntingdon Lower S,CVLABG
411,4/2/13,Tue,6:30 PM,U13B,WC2,AVG1,AVG Avon Grove HS 1,WC2AVG1
372,4/2/13,Tue,7:00 PM,U13B,ST2,COV2,COV OJR HS,ST2COV2
193,4/2/13,Tue,6:30 PM,U13C,ABG,CVL,CVL Warrior Field,ABGCVL
248,4/2/13,Tue,6:30 PM,U13C,KEN,GV,GV Great Valley HS,KENGV
430,4/2/13,Tue,6:30 PM,U13B,WC4,KEN,KEN Legacy Field B,WC4KEN
110,4/2/13,Tue,6:30 PM,U13A,BYC,LV,LV Hoeffecker,BYCLV
401,4/2/13,Tue,6:30 PM,U13B,LV1,LV2,LV Lionville MS,LV1LV2
242,4/2/13,Tue,6:30 PM,U13C,AVG2,LV2,LV Pine Creek 2,AVG2LV2
361,4/2/13,Tue,6:30 PM,U13B,COV1,PHX,PHX PMYC,COV1PHX
389,4/2/13,Tue,6:30 PM,U13B,ASH,ST1,ST TE Middle Sch 2,ASHST1
105,4/2/13,Tue,6:30 PM,U13A,AVG,ST,ST Wilson Park CYL,AVGST
113,4/2/13,Tue,6:30 PM,U13A,GV,UNV1,UNV Upland Country DS,GVUNV1
358,4/2/13,Tue,6:30 PM,U13B,CVL,WC1,WC Kelly Field,CVLWC1
417,4/2/13,Tue,8:00 PM,U13B,BYC1,WC3,WC Kelly Field,BYC1WC3
488,4/3/13,Wed,6:30 PM,U11B,CVL1,ABG3,ABG Huntingdon Lower N,CVL1ABG3
538,4/3/13,Wed,6:30 PM,U11B,ST,ABG1,ABG Huntingdon Lower S,STABG1
625,4/3/13,Wed,6:30 PM,U11B,BYC3,AVG1,AVG Harmony Park,BYC3AVG1
606,4/3/13,Wed,6:30 PM,U11B,WB2,BYC2,BYC Bethel Spr ES 12,WB2BYC2
617,4/3/13,Wed,6:30 PM,U11B,KEN1,BYC1,BYC Concord Municipal 2,KEN1BYC1
506,4/3/13,Wed,6:30 PM,U11B,CVL3,COV1,COV Batdorf Park,CVL3COV1
560,4/3/13,Wed,6:30 PM,U11B,WC2,GV1,GV Great Valley MS,WC2GV1
191,4/3/13,Wed,6:30 PM,U11A,UNV,KEN,KEN Legacy Field B,UNVKEN
493,4/3/13,Wed,6:30 PM,U11B,CVL2,LV3,LV Eagleview 1,CVL2LV3
147,4/3/13,Wed,6:30 PM,U11A,ASH,LV,LV Eagleview 2,ASHLV
532,4/3/13,Wed,6:30 PM,U11B,LV1,PHX,PHX PMYC,LV1PHX
156,4/3/13,Wed,6:30 PM,U11A,WC2,ST,ST TE Middle Sch 2,WC2ST
611,4/3/13,Wed,6:30 PM,U11B,KEN2,UNV,UNV Patton MS 17,KEN2UNV
601,4/3/13,Wed,6:30 PM,U11B,AVG2,WB1,WB Embreeville,AVG2WB1
140,4/3/13,Wed,6:30 PM,U11A,ABG,WC1,WC Kelly Field,ABGWC1
249,4/3/13,Wed,6:30 PM,U13C,BYC,WC,WC Rustin HS Stadium,BYCWC
269,4/4/13,Thu,6:30 PM,U15B,WB,CVL,CVL Black Rock 6,WBCVL
48,4/4/13,Thu,6:30 PM,U15A,ABG,CVL,CVL Mt Kirk,ABGCVL
319,4/4/13,Thu,6:30 PM,U15B,LV,GV,GV Great Valley MS,LVGV
282,4/4/13,Thu,6:30 PM,U15B,BYC,PHX,PHX PMYC,BYCPHX
35,4/4/13,Thu,6:30 PM,U15A,AVG,ST,ST Wilson Park TEYSA,AVGST
333,4/4/13,Thu,6:30 PM,U15B,WC3,WC1,WC Kelly Field,WC3WC1
43,4/4/13,Thu,8:00 PM,U15A,BYC,WC,WC Kelly Field,BYCWC
182,4/6/13,Sat,12:00 PM,U11A,CVL,ABG,ABG Huntingdon Lower N,CVLABG
185,4/6/13,Sat,10:00 AM,U11A,WC2,ASH,ASH Lower Merion HS,WC2ASH
287,4/6/13,Sat,12:00 PM,U15B,PHX,ASH,ASH Lower Merion HS,PHXASH
27,4/6/13,Sat,2:00 PM,U15A,GV,ASH,ASH Lower Merion HS,GVASH
549,4/6/13,Sat,4:00 PM,U11B,LV2,ASH,ASH Lower Merion HS,LV2ASH
98,4/6/13,Sat,10:00 AM,U13A,ASH,AVG,AVG Avon Grove HS 1,ASHAVG
177,4/6/13,Sat,12:00 PM,U11A,UNV,AVG,AVG Avon Grove HS 1,UNVAVG
344,4/6/13,Sat,2:00 PM,U15B,WB,AVG,AVG Avon Grove HS 1,WBAVG
598,4/6/13,Sat,12:00 PM,U11B,WB1,BYC1,BYC Concord Municipal 2,WB1BYC1
614,4/6/13,Sat,2:00 PM,U11B,UNV,BYC3,BYC Concord Municipal 2,UNVBYC3
444,4/6/13,Sat,10:00 AM,U13B,UNV,BYC1,BYC Garnet Valley MS,UNVBYC1
454,4/6/13,Sat,12:00 PM,U13B,KEN,BYC2,BYC Garnet Valley MS,KENBYC2
270,4/6/13,Sat,2:00 PM,U15B,CVL,BYC,BYC Garnet Valley MS,CVLBYC
461,4/6/13,Sat,2:00 PM,U13B,WC4,COV2,COV OJR HS,WC4COV2
277,4/6/13,Sat,4:00 PM,U15B,LV,COV,COV OJR HS,LVCOV
485,4/6/13,Sat,2:00 PM,U11B,PHX,CVL1,CVL Warrior Field,PHXCVL1
494,4/6/13,Sat,4:00 PM,U11B,CVL3,CVL2,CVL Warrior Field,CVL3CVL2
217,4/6/13,Sat,12:00 PM,U13C,ASH,GV,GV Great Valley HS,ASHGV
325,4/6/13,Sat,4:00 PM,U15B,KEN,GV,GV Great Valley HS,KENGV
166,4/6/13,Sat,12:00 PM,U11A,LV,KEN,KEN Kennett HS,LVKEN
570,4/6/13,Sat,12:00 PM,U11B,GV2,KEN2,KEN Legacy Field C,GV2KEN2
623,4/6/13,Sat,2:00 PM,U11B,BYC2,KEN1,KEN Legacy Field C,BYC2KEN1
479,4/6/13,Sat,10:00 AM,U13B,AVG2,LV1,LV Hoeffecker,AVG2LV1
237,4/6/13,Sat,12:00 PM,U13C,KEN,LV1,LV Hoeffecker,KENLV1
514,4/6/13,Sat,2:00 PM,U11B,COV1,LV1,LV Hoeffecker,COV1LV1
380,4/6/13,Sat,12:00 PM,U13B,PHX,ST2,ST TE Middle Sch 1,PHXST2
186,4/6/13,Sat,2:00 PM,U11A,WC1,ST,ST TE Middle Sch 1,WC1ST
609,4/6/13,Sat,4:00 PM,U11B,AVG2,WB2,WB Embreeville,AVG2WB2
590,4/6/13,Sat,10:00 AM,U11B,AVG1,WC2,WC Kelly Field,AVG1WC2
419,4/6/13,Sat,12:00 PM,U13B,AVG1,WC3,WC Kelly Field,AVG1WC3
392,4/6/13,Sat,2:00 PM,U13B,ASH,WC1,WC Kelly Field,ASHWC1
313,4/6/13,Sat,4:00 PM,U15B,ST,WC3,WC Kelly Field,STWC3
226,4/6/13,Sat,12:00 PM,U13C,ST,WC,WC Rustin HS Stadium,STWC
559,4/6/13,Sat,2:00 PM,U11B,GV1,WC1,WC Rustin HS Stadium,GV1WC1
521,4/7/13,Sun,2:00 PM,U11B,COV2,ABG2,ABG Huntingdon Lower N,COV2ABG2
212,4/7/13,Sun,2:00 PM,U13C,AVG2,ABG,ABG Huntingdon Upper,AVG2ABG
534,4/7/13,Sun,4:00 PM,U11B,LV3,ABG1,ABG Huntingdon Upper,LV3ABG1
54,4/7/13,Sun,2:00 PM,U15A,AVG,ASH,ASH Lower Merion HS,AVGASH
5,4/7/13,Sun,2:00 PM,U15A,LV,CVL,CVL Warrior Field,LVCVL
201,4/7/13,Sun,4:00 PM,U13C,AVG1,CVL,CVL Warrior Field,AVG1CVL
297,4/7/13,Sun,2:00 PM,U15B,ABG,KEN,KEN Kennett MS,ABGKEN
87,4/7/13,Sun,12:00 PM,U13A,ABG,UNV1,UNV Upland Country DS,ABGUNV1
194,4/8/13,Mon,6:30 PM,U13C,CVL,ASH,ASH Lower Merion HS,CVLASH
445,4/8/13,Mon,6:30 PM,U13B,UNV,AVG1,AVG Harmony Park,UNVAVG1
273,4/8/13,Mon,7:00 PM,U15B,PHX,COV,COV OJR HS,PHXCOV
459,4/8/13,Mon,6:30 PM,U13B,WC2,CVL,CVL Black Rock 6,WC2CVL
265,4/8/13,Mon,6:30 PM,U15B,GV,CVL,CVL Mt Kirk,GVCVL
252,4/8/13,Mon,6:30 PM,U13C,WC,KEN,KEN Kennett HS,WCKEN
400,4/8/13,Mon,6:30 PM,U13B,ST2,LV2,LV Lionville MS,ST2LV2
439,4/8/13,Mon,6:30 PM,U13B,BYC1,WB2,WB Embreeville,BYC1WB2
421,4/8/13,Mon,6:30 PM,U13B,KEN,WC3,WC Kelly Field,KENWC3
341,4/8/13,Mon,8:00 PM,U15B,AVG,WC3,WC Kelly Field,AVGWC3
383,4/9/13,Tue,6:30 PM,U13B,ABG,ASH,ASH Lower Merion HS,ABGASH
247,4/9/13,Tue,6:30 PM,U13C,GV,AVG2,AVG Avon Grove HS 1,GVAVG2
104,4/9/13,Tue,6:30 PM,U13A,ST,BYC,BYC Garnet Valley MS,STBYC
364,4/9/13,Tue,7:00 PM,U13B,LV1,COV1,COV OJR HS,LV1COV1
63,4/9/13,Tue,6:30 PM,U13A,ASH,CVL,CVL Mt Kirk,ASHCVL
116,4/9/13,Tue,6:30 PM,U13A,AVG,GV,GV Great Valley HS,AVGGV
240,4/9/13,Tue,6:30 PM,U13C,BYC,LV2,LV Pine Creek 1,BYCLV2
235,4/9/13,Tue,6:30 PM,U13C,AVG1,LV1,LV Pine Creek 2,AVG1LV1
375,4/9/13,Tue,6:30 PM,U13B,COV2,WC1,WC Kelly Field,COV2WC1
427,4/9/13,Tue,8:00 PM,U13B,BYC2,WC4,WC Kelly Field,BYC2WC4
542,4/10/13,Wed,6:30 PM,U11B,ABG3,ABG2,ABG Huntingdon Lower N,ABG3ABG2
486,4/10/13,Wed,6:30 PM,U11B,CVL1,ABG1,ABG Huntingdon Lower S,CVL1ABG1
502,4/10/13,Wed,6:30 PM,U11B,CVL3,ASH,ASH Lower Merion HS,CVL3ASH
616,4/10/13,Wed,6:30 PM,U11B,BYC1,AVG2,AVG Harmony Park,BYC1AVG2
588,4/10/13,Wed,6:30 PM,U11B,WC2,BYC2,BYC Bethel Spr ES 12,WC2BYC2
579,4/10/13,Wed,6:30 PM,U11B,WC1,BYC3,BYC Concord Municipal 2,WC1BYC3
638,4/10/13,Wed,6:30 PM,U11B,GV1,COV1,COV Batdorf Park,GV1COV1
183,4/10/13,Wed,6:30 PM,U11A,ASH,CVL,CVL Warrior Field,ASHCVL
184,4/10/13,Wed,6:30 PM,U11A,ABG,LV,LV Eagleview 1,ABGLV
555,4/10/13,Wed,6:30 PM,U11B,LV1,LV2,LV Eagleview 2,LV1LV2
520,4/10/13,Wed,6:30 PM,U11B,COV2,PHX,PHX PMYC,COV2PHX
158,4/10/13,Wed,6:30 PM,U11A,BYC,ST,ST TE Middle Sch 2,BYCST
615,4/10/13,Wed,6:30 PM,U11B,AVG1,UNV,UNV Patton MS 17,AVG1UNV
636,4/10/13,Wed,6:30 PM,U11B,CVL2,WB1,WB Embreeville,CVL2WB1
171,4/10/13,Wed,6:30 PM,U11A,KEN,WC1,WC Kelly Field,KENWC1
172,4/10/13,Wed,8:00 PM,U11A,UNV,WC2,WC Kelly Field,UNVWC2
305,4/11/13,Thu,6:30 PM,U15B,BYC,ASH,ASH Haverford Upper,BYCASH
44,4/11/13,Thu,6:30 PM,U15A,WC,AVG,AVG Avon Grove HS 1,WCAVG
34,4/11/13,Thu,6:30 PM,U15A,ST,BYC,BYC Garnet Valley MS,STBYC
50,4/11/13,Thu,7:00 PM,U15A,LV,COV,COV OJR HS,LVCOV
3,4/11/13,Thu,6:30 PM,U15A,ASH,CVL,CVL Mt Kirk,ASHCVL
332,4/11/13,Thu,6:30 PM,U15B,WC1,KEN,KEN Legacy Field B,WC1KEN
309,4/11/13,Thu,6:30 PM,U15B,ST,LV,LV Pine Creek 2,STLV
335,4/11/13,Thu,6:30 PM,U15B,WC2,WB,WB Downingtown MS,WC2WB
642,4/13/13,Sat,12:00 PM,U11B,WC1,ABG2,ABG Huntingdon Upper,WC1ABG2
388,4/13/13,Sat,2:00 PM,U13B,WC1,ABG,ABG Huntingdon Upper,WC1ABG
512,4/13/13,Sat,2:00 PM,U11B,COV1,ASH,ASH Lower Merion HS,COV1ASH
150,4/13/13,Sat,4:00 PM,U11A,UNV,ASH,ASH Lower Merion HS,UNVASH
159,4/13/13,Sat,12:00 PM,U11A,ST,AVG,AVG Avon Grove HS 1,STAVG
241,4/13/13,Sat,2:00 PM,U13C,LV2,AVG1,AVG Avon Grove HS 1,LV2AVG1
58,4/13/13,Sat,10:00 AM,U15A,GV,AVG,AVG Avon Grove HS 2,GVAVG
337,4/13/13,Sat,12:00 PM,U15B,WC2,AVG,AVG Avon Grove HS 2,WC2AVG
236,4/13/13,Sat,2:00 PM,U13C,LV1,AVG2,AVG Avon Grove HS 2,LV1AVG2
219,4/13/13,Sat,12:00 PM,U13C,ASH,BYC,BYC Concord Municipal 1,ASHBYC
565,4/13/13,Sat,10:00 AM,U11B,GV1,BYC2,BYC Concord Municipal 2,GV1BYC2
173,4/13/13,Sat,2:00 PM,U11A,WC2,BYC,BYC Concord Municipal 2,WC2BYC
612,4/13/13,Sat,4:00 PM,U11B,UNV,BYC1,BYC Concord Municipal 2,UNVBYC1
115,4/13/13,Sat,10:00 AM,U13A,GV,BYC,BYC Garnet Valley MS,GVBYC
453,4/13/13,Sat,12:00 PM,U13B,AVG1,BYC2,BYC Garnet Valley MS,AVG1BYC2
78,4/13/13,Sat,10:00 AM,U13A,UNV1,COV,COV Batdorf Park,UNV1COV
524,4/13/13,Sat,12:00 PM,U11B,LV1,COV2,COV Batdorf Park,LV1COV2
1,4/13/13,Sat,10:00 AM,U15A,COV,CVL,CVL Black Rock 6,COVCVL
481,4/13/13,Sat,12:00 PM,U11B,CVL2,CVL1,CVL Warrior Field,CVL2CVL1
195,4/13/13,Sat,2:00 PM,U13C,ST,CVL,CVL Warrior Field,STCVL
578,4/13/13,Sat,12:15 PM,U11B,AVG1,GV2,GV Great Valley MS,AVG1GV2
278,4/13/13,Sat,2:00 PM,U15B,COV,GV,GV Great Valley MS,COVGV
317,4/13/13,Sat,10:00 AM,U15B,LV,KEN,KEN Legacy Field C,LVKEN
458,4/13/13,Sat,12:00 PM,U13B,AVG2,KEN,KEN Legacy Field C,AVG2KEN
632,4/13/13,Sat,2:00 PM,U11B,AVG2,KEN1,KEN Legacy Field C,AVG2KEN1
130,4/13/13,Sat,10:00 AM,U11A,CVL,LV,LV Eagleview 1,CVLLV
533,4/13/13,Sat,12:00 PM,U11B,ABG1,LV2,LV Eagleview 1,ABG1LV2
92,4/13/13,Sat,2:00 PM,U13A,ASH,LV,LV Hoeffecker,ASHLV
26,4/13/13,Sat,4:00 PM,U15A,ASH,LV,LV Hoeffecker,ASHLV
367,4/13/13,Sat,12:00 PM,U13B,COV1,LV2,LV Lionville MS,COV1LV2
471,4/13/13,Sat,4:00 PM,U13B,WC3,PHX,PHX PMYC,WC3PHX
531,4/13/13,Sat,12:00 PM,U11B,PHX,ST,ST TE Middle Sch 1,PHXST
398,4/13/13,Sat,10:00 AM,U13B,LV1,ST2,ST TE Middle Sch 2,LV1ST2
354,4/13/13,Sat,2:00 PM,U13B,CVL,ST1,ST TE Middle Sch 2,CVLST1
33,4/13/13,Sat,12:00 PM,U15A,WC,ST,ST Wilson Park TEYSA,WCST
464,4/13/13,Sat,4:00 PM,U13B,ASH,UNV,UNV Upland Country DS,ASHUNV
599,4/13/13,Sat,12:00 PM,U11B,BYC3,WB1,WB Embreeville,BYC3WB1
603,4/13/13,Sat,2:00 PM,U11B,KEN2,WB2,WB Embreeville,KEN2WB2
311,4/13/13,Sat,10:00 AM,U15B,ST,WC1,WC Kelly Field,STWC1
209,4/13/13,Sat,2:00 PM,U13C,ABG,WC,WC Kelly Field,ABGWC
424,4/13/13,Sat,4:00 PM,U13B,WB2,WC4,WC Kelly Field,WB2WC4
406,4/13/13,Sat,2:00 PM,U13B,WB1,WC2,WC Rustin HS Grass,WB1WC2
268,4/13/13,Sat,4:00 PM,U15B,CVL,WC3,WC Rustin HS Grass,CVLWC3
551,4/14/13,Sun,2:00 PM,U11B,LV3,ASH,ASH Lower Merion HS,LV3ASH
295,4/14/13,Sun,2:00 PM,U15B,ABG,BYC,BYC Garnet Valley MS,ABGBYC
16,4/14/13,Sun,2:00 PM,U15A,BYC,COV,COV Batdorf Park,BYCCOV
271,4/14/13,Sun,4:00 PM,U15B,AVG,COV,COV Batdorf Park,AVGCOV
135,4/14/13,Sun,12:00 PM,U11A,AVG,CVL,CVL Warrior Field,AVGCVL
71,4/14/13,Sun,2:00 PM,U13A,AVG,CVL,CVL Warrior Field,AVGCVL
213,4/14/13,Sun,2:00 PM,U13C,ABG,KEN,KEN Kennett MS,ABGKEN
55,4/14/13,Sun,2:00 PM,U15A,ST,LV,LV Hoeffecker,STLV
301,4/15/13,Mon,6:30 PM,U15B,WC1,ASH,ASH Lower Merion HS,WC1ASH
234,4/15/13,Mon,6:30 PM,U13C,LV1,BYC,BYC Bethel Spr ES 12,LV1BYC
315,4/15/13,Mon,6:30 PM,U15B,ST,BYC,BYC Garnet Valley MS,STBYC
387,4/15/13,Mon,6:30 PM,U13B,ABG,LV2,LV Lionville MS,ABGLV2
443,4/15/13,Mon,6:30 PM,U13B,KEN,WB2,WB Embreeville,KENWB2
293,4/15/13,Mon,6:30 PM,U15B,ABG,WC3,WC Kelly Field,ABGWC3
82,4/16/13,Tue,6:30 PM,U13A,ASH,ABG,ABG Huntingdon Lower N,ASHABG
214,4/16/13,Tue,6:30 PM,U13C,ST,ASH,ASH Lower Merion HS,STASH
455,4/16/13,Tue,6:30 PM,U13B,BYC2,AVG2,AVG Avon Grove HS 1,BYC2AVG2
409,4/16/13,Tue,6:30 PM,U13B,WC2,BYC1,BYC Garnet Valley MS,WC2BYC1
366,4/16/13,Tue,7:00 PM,U13B,WC1,COV1,COV OJR HS,WC1COV1
353,4/16/13,Tue,6:30 PM,U13B,ASH,CVL,CVL Black Rock 6,ASHCVL
246,4/16/13,Tue,6:30 PM,U13C,AVG1,GV,GV Great Valley MS,AVG1GV
106,4/16/13,Tue,6:30 PM,U13A,GV,LV,LV Hoeffecker,GVLV
395,4/16/13,Tue,6:30 PM,U13B,ST1,LV1,LV Lionville MS,ST1LV1
207,4/16/13,Tue,6:30 PM,U13C,ABG,LV2,LV Pine Creek 2,ABGLV2
368,4/16/13,Tue,6:30 PM,U13B,COV2,PHX,PHX PMYC,COV2PHX
475,4/16/13,Tue,6:30 PM,U13B,UNV,ST2,ST TE Middle Sch 1,UNVST2
423,4/16/13,Tue,6:30 PM,U13B,WC4,WB1,WB Embreeville,WC4WB1
169,4/16/13,Tue,6:30 PM,U11A,BYC,WC1,WC Kelly Field,BYCWC1
119,4/16/13,Tue,8:00 PM,U13A,BYC,WC,WC Kelly Field,BYCWC
137,4/17/13,Wed,6:30 PM,U11A,ASH,ABG,ABG Huntingdon Lower N,ASHABG
567,4/17/13,Wed,6:30 PM,U11B,GV1,AVG1,AVG Harmony Park,GV1AVG1
637,4/17/13,Wed,6:30 PM,U11B,CVL3,BYC1,BYC Bethel Spr ES 12,CVL3BYC1
487,4/17/13,Wed,6:30 PM,U11B,ABG2,CVL1,CVL Warrior Field,ABG2CVL1
574,4/17/13,Wed,6:30 PM,U11B,UNV,GV2,GV Great Valley MS,UNVGV2
624,4/17/13,Wed,6:30 PM,U11B,BYC2,KEN2,KEN Legacy Field B,BYC2KEN2
525,4/17/13,Wed,6:30 PM,U11B,COV2,LV2,LV Eagleview 1,COV2LV2
165,4/17/13,Wed,6:30 PM,U11A,AVG,LV,LV Eagleview 2,AVGLV
548,4/17/13,Wed,6:30 PM,U11B,ASH,ST,ST TE Middle Sch 1,ASHST
157,4/17/13,Wed,6:30 PM,U11A,ST,UNV,UNV Patton MS 17,STUNV
607,4/17/13,Wed,6:30 PM,U11B,BYC3,WB2,WB Embreeville,BYC3WB2
582,4/17/13,Wed,6:30 PM,U11B,KEN1,WC1,WC Kelly Field,KEN1WC1
190,4/17/13,Wed,8:00 PM,U11A,KEN,WC2,WC Kelly Field,KENWC2
45,4/18/13,Thu,6:30 PM,U15A,AVG,BYC,BYC Garnet Valley MS,AVGBYC
21,4/18/13,Thu,6:30 PM,U15A,ABG,GV,GV Great Valley MS,ABGGV
13,4/18/13,Thu,6:30 PM,U15A,COV,LV,LV Hoeffecker,COVLV
4,4/18/13,Thu,6:30 PM,U15A,CVL,ST,ST Wilson Park CYL,CVLST
283,4/18/13,Thu,6:30 PM,U15B,PHX,WB,WB Downingtown MS,PHXWB
28,4/18/13,Thu,6:30 PM,U15A,ASH,WC,WC Kelly Field,ASHWC
321,4/18/13,Thu,8:00 PM,U15B,LV,WC2,WC Kelly Field,LVWC2
633,4/20/13,Sat,12:00 PM,U11B,KEN2,AVG2,AVG Avon Grove HS 1,KEN2AVG2
228,4/20/13,Sat,2:00 PM,U13C,ST,AVG1,AVG Avon Grove HS 1,STAVG1
350,4/20/13,Sat,2:00 PM,U13B,CVL,COV2,COV Batdorf Park,CVLCOV2
46,4/20/13,Sat,4:00 PM,U15A,CVL,COV,COV Batdorf Park,CVLCOV
492,4/20/13,Sat,12:00 PM,U11B,LV2,CVL2,CVL Warrior Field,LV2CVL2
508,4/20/13,Sat,2:00 PM,U11B,PHX,CVL3,CVL Warrior Field,PHXCVL3
558,4/20/13,Sat,2:00 PM,U11B,GV2,GV1,GV Great Valley MS,GV2GV1
32,4/20/13,Sat,4:00 PM,U15A,ST,GV,GV Great Valley MS,STGV
602,4/20/13,Sat,12:00 PM,U11B,WB1,KEN1,KEN Kennett HS,WB1KEN1
342,4/20/13,Sat,2:00 PM,U15B,WC3,KEN,KEN Legacy Field C,WC3KEN
75,4/20/13,Sat,10:00 AM,U13A,COV,LV,LV Hoeffecker,COVLV
382,4/20/13,Sat,12:00 PM,U13B,PHX,LV2,LV Hoeffecker,PHXLV2
196,4/20/13,Sat,2:00 PM,U13C,CVL,LV1,LV Hoeffecker,CVLLV1
547,4/20/13,Sat,4:00 PM,U11B,ABG3,LV3,LV Hoeffecker,ABG3LV3
260,4/20/13,Sat,4:00 PM,U15B,CVL,PHX,PHX PMYC,CVLPHX
310,4/20/13,Sat,12:00 PM,U15B,GV,ST,ST Wilson Park CYL,GVST
168,4/20/13,Sat,12:00 PM,U11A,WC1,UNV,UNV Patton MS 17,WC1UNV
586,4/20/13,Sat,2:00 PM,U11B,WC1,UNV,UNV Patton MS 17,WC1UNV
448,4/20/13,Sat,2:00 PM,U13B,AVG2,UNV,UNV Upland Country DS,AVG2UNV
434,4/20/13,Sat,2:00 PM,U13B,AVG1,WB1,WB Embreeville,AVG1WB1
334,4/20/13,Sat,10:00 AM,U15B,WC1,WC2,WC Kelly Field,WC1WC2
635,4/20/13,Sat,12:00 PM,U11B,CVL1,WC2,WC Kelly Field,CVL1WC2
37,4/20/13,Sat,2:00 PM,U15A,LV,WC,WC Kelly Field,LVWC
117,4/20/13,Sat,4:00 PM,U13A,UNV1,WC,WC Kelly Field,UNV1WC
404,4/20/13,Sat,12:00 PM,U13B,WC3,WC2,WC Rustin HS Stadium,WC3WC2
149,4/20/13,Sat,2:00 PM,U11A,ASH,WC2,WC Rustin HS Stadium,ASHWC2
251,4/20/13,Sat,4:00 PM,U13C,AVG2,WC,WC Rustin HS Stadium,AVG2WC
145,4/21/13,Sun,12:00 PM,U11A,KEN,ABG,ABG Huntingdon Lower N,KENABG
294,4/21/13,Sun,2:00 PM,U15B,WB,ABG,ABG Huntingdon Lower N,WBABG
511,4/21/13,Sun,4:00 PM,U11B,COV1,ABG3,ABG Huntingdon Lower N,COV1ABG3
527,4/21/13,Sun,2:00 PM,U11B,PHX,ABG1,ABG Huntingdon Lower S,PHXABG1
90,4/21/13,Sun,4:00 PM,U13A,AVG,ABG,ABG Huntingdon Lower S,AVGABG
208,4/21/13,Sun,2:00 PM,U13C,GV,ABG,ABG Huntingdon Upper,GVABG
24,4/21/13,Sun,4:00 PM,U15A,AVG,ABG,ABG Huntingdon Upper,AVGABG
476,4/21/13,Sun,2:00 PM,U13B,ABG,BYC1,BYC Garnet Valley MS,ABGBYC1
275,4/21/13,Sun,4:00 PM,U15B,ASH,COV,COV OJR HS,ASHCOV
541,4/21/13,Sun,2:00 PM,U11B,ABG2,LV3,LV Eagleview 1,ABG2LV3
292,4/22/13,Mon,6:30 PM,U15B,WC2,ABG,ABG Huntingdon Lower N,WC2ABG
218,4/22/13,Mon,6:30 PM,U13C,WC,ASH,ASH Lower Merion HS,WCASH
253,4/22/13,Mon,6:30 PM,U13C,AVG1,BYC,BYC Garnet Valley MS,AVG1BYC
238,4/22/13,Mon,6:30 PM,U13C,GV,LV2,LV Pine Creek 1,GVLV2
394,4/22/13,Mon,6:30 PM,U13B,ST2,ST1,ST TE Middle Sch 2,ST2ST1
432,4/22/13,Mon,6:30 PM,U13B,WB1,UNV,UNV Patton MS 17,WB1UNV
472,4/22/13,Mon,6:30 PM,U13B,CVL,WC4,WC Kelly Field,CVLWC4
328,4/22/13,Mon,8:00 PM,U15B,GV,WC3,WC Kelly Field,GVWC3
86,4/23/13,Tue,6:30 PM,U13A,WC,ABG,ABG Huntingdon Lower N,WCABG
386,4/23/13,Tue,6:30 PM,U13B,LV1,ABG,ABG Huntingdon Lower S,LV1ABG
93,4/23/13,Tue,6:30 PM,U13A,GV,ASH,ASH Lower Merion HS,GVASH
442,4/23/13,Tue,6:30 PM,U13B,WB2,AVG2,AVG Avon Grove HS 1,WB2AVG2
258,4/23/13,Tue,6:30 PM,U13C,KEN,AVG2,AVG Harmony Park,KENAVG2
70,4/23/13,Tue,6:30 PM,U13A,CVL,BYC,BYC Garnet Valley MS,CVLBYC
74,4/23/13,Tue,7:00 PM,U13A,ST,COV,COV OJR HS,STCOV
452,4/23/13,Tue,6:30 PM,U13B,BYC1,KEN,KEN Legacy Field B,BYC1KEN
205,4/23/13,Tue,6:30 PM,U13C,ABG,ST,ST TE Middle Sch 1,ABGST
460,4/23/13,Tue,6:30 PM,U13B,COV1,WC3,WC Kelly Field,COV1WC3
403,4/23/13,Tue,8:00 PM,U13B,LV2,WC1,WC Kelly Field,LV2WC1
470,4/23/13,Tue,6:30 PM,U13B,COV2,WC2,WC Rustin HS Grass,COV2WC2
139,4/24/13,Wed,6:30 PM,U11A,LV,ABG,ABG Huntingdon Lower N,LVABG
535,4/24/13,Wed,6:30 PM,U11B,ABG1,ABG2,ABG Huntingdon Lower S,ABG1ABG2
629,4/24/13,Wed,6:30 PM,U11B,AVG1,AVG2,AVG Harmony Park,AVG1AVG2
619,4/24/13,Wed,6:30 PM,U11B,BYC2,BYC1,BYC Concord Municipal 2,BYC2BYC1
515,4/24/13,Wed,6:30 PM,U11B,LV3,COV1,COV Batdorf Park,LV3COV1
129,4/24/13,Wed,6:30 PM,U11A,ST,CVL,CVL Mt Kirk,STCVL
499,4/24/13,Wed,6:30 PM,U11B,ABG3,CVL2,CVL Warrior Field,ABG3CVL2
571,4/24/13,Wed,6:30 PM,U11B,WC1,GV2,GV Great Valley MS,WC1GV2
180,4/24/13,Wed,6:30 PM,U11A,BYC,KEN,KEN Legacy Field B,BYCKEN
550,4/24/13,Wed,6:30 PM,U11B,ASH,LV1,LV Eagleview 1,ASHLV1
647,4/24/13,Wed,6:30 PM,U11B,BYC3,LV2,LV Eagleview 2,BYC3LV2
523,4/24/13,Wed,6:30 PM,U11B,COV2,ST,ST TE Middle Sch 1,COV2ST
561,4/24/13,Wed,6:30 PM,U11B,GV1,WB1,WB Embreeville,GV1WB1
592,4/24/13,Wed,6:30 PM,U11B,KEN2,WC2,WC Kelly Field,KEN2WC2
167,4/24/13,Wed,8:00 PM,U11A,WC2,WC1,WC Kelly Field,WC2WC1
22,4/25/13,Thu,6:30 PM,U15A,WC,ABG,ABG Huntingdon Lower N,WCABG
348,4/25/13,Thu,6:30 PM,U15B,KEN,AVG,AVG Avon Grove HS 1,KENAVG
12,4/25/13,Thu,7:00 PM,U15A,ST,COV,COV OJR HS,STCOV
6,4/25/13,Thu,6:30 PM,U15A,CVL,GV,GV Great Valley MS,CVLGV
314,4/25/13,Thu,6:30 PM,U15B,WB,ST,ST Wilson Park CYL,WBST
291,4/25/13,Thu,6:30 PM,U15B,PHX,WC1,WC Kelly Field,PHXWC1
307,4/26/13,Fri,6:30 PM,U15B,KEN,ASH,ASH Lower Merion HS,KENASH
509,4/27/13,Sat,12:00 PM,U11B,CVL3,ABG1,ABG Huntingdon Lower S,CVL3ABG1
581,4/27/13,Sat,10:00 AM,U11B,WC1,AVG2,AVG Avon Grove HS 1,WC1AVG2
630,4/27/13,Sat,12:00 PM,U11B,KEN1,AVG1,AVG Avon Grove HS 1,KEN1AVG1
250,4/27/13,Sat,2:00 PM,U13C,WC,AVG1,AVG Avon Grove HS 1,WCAVG1
577,4/27/13,Sat,12:00 PM,U11B,GV2,BYC1,BYC Concord Municipal 2,GV2BYC1
126,4/27/13,Sat,2:00 PM,U13A,AVG,BYC,BYC Garnet Valley MS,AVGBYC
451,4/27/13,Sat,4:00 PM,U13B,AVG2,BYC1,BYC Garnet Valley MS,AVG2BYC1
513,4/27/13,Sat,2:00 PM,U11B,ST,COV1,COV OJR HS,STCOV1
9,4/27/13,Sat,10:00 AM,U15A,AVG,CVL,CVL Black Rock 6,AVGCVL
61,4/27/13,Sat,12:00 PM,U13A,COV,CVL,CVL Black Rock 6,COVCVL
267,4/27/13,Sat,2:00 PM,U15B,WC2,CVL,CVL Black Rock 6,WC2CVL
495,4/27/13,Sat,10:00 AM,U11B,COV2,CVL2,CVL Warrior Field,COV2CVL2
197,4/27/13,Sat,12:00 PM,U13C,LV2,CVL,CVL Warrior Field,LV2CVL
491,4/27/13,Sat,2:00 PM,U11B,LV1,CVL1,CVL Warrior Field,LV1CVL1
566,4/27/13,Sat,12:15 PM,U11B,BYC3,GV1,GV Great Valley MS,BYC3GV1
112,4/27/13,Sat,2:00 PM,U13A,WC,GV,GV Great Valley MS,WCGV
40,4/27/13,Sat,4:00 PM,U15A,WC,GV,GV Great Valley MS,WCGV
480,4/27/13,Sat,12:00 PM,U13B,LV2,KEN,KEN Legacy Field C,LV2KEN
136,4/27/13,Sat,2:00 PM,U11A,CVL,KEN,KEN Legacy Field C,CVLKEN
108,4/27/13,Sat,10:00 AM,U13A,UNV1,LV,LV Hoeffecker,UNV1LV
38,4/27/13,Sat,12:00 PM,U15A,BYC,LV,LV Hoeffecker,BYCLV
467,4/27/13,Sat,2:00 PM,U13B,AVG1,LV1,LV Hoeffecker,AVG1LV1
322,4/27/13,Sat,4:00 PM,U15B,BYC,LV,LV Hoeffecker,BYCLV
290,4/27/13,Sat,10:00 AM,U15B,GV,PHX,PHX PMYC,GVPHX
526,4/27/13,Sat,12:00 PM,U11B,LV3,PHX,PHX PMYC,LV3PHX
381,4/27/13,Sat,2:00 PM,U13B,WC1,PHX,PHX PMYC,WC1PHX
25,4/27/13,Sat,TBD,U15A,ST,ASH,Radnor HS Samson Festival,STASH
91,4/27/13,Sat,TBD,U13A,ST,ASH,Radnor HS Samson Festival,STASH
225,4/27/13,Sat,10:00 AM,U13C,GV,ST,ST TE Middle Sch 2,GVST
371,4/27/13,Sat,12:00 PM,U13B,COV2,ST1,ST TE Middle Sch 2,COV2ST1
365,4/27/13,Sat,2:00 PM,U13B,COV1,ST2,ST TE Middle Sch 2,COV1ST2
316,4/27/13,Sat,2:00 PM,U15B,AVG,ST,ST Wilson Park TEYSA,AVGST
188,4/27/13,Sat,4:00 PM,U11A,LV,UNV,UNV Patton MS 17,LVUNV
345,4/27/13,Sat,4:00 PM,U15B,KEN,WB,WB Downingtown MS,KENWB
416,4/27/13,Sat,2:00 PM,U13B,WC3,WB1,WB Embreeville,WC3WB1
594,4/27/13,Sat,10:00 AM,U11B,UNV,WC2,WC Kelly Field,UNVWC2
174,4/27/13,Sat,12:00 PM,U11A,AVG,WC2,WC Kelly Field,AVGWC2
155,4/27/13,Sat,2:00 PM,U11A,ST,WC1,WC Kelly Field,STWC1
405,4/27/13,Sat,4:00 PM,U13B,WC2,WC4,WC Kelly Field,WC2WC4
643,4/28/13,Sun,12:00 PM,U11B,WB2,ABG3,ABG Huntingdon Lower N,WB2ABG3
463,4/28/13,Sun,2:00 PM,U13B,WB2,ABG,ABG Huntingdon Lower N,WB2ABG
274,4/28/13,Sun,4:00 PM,U15B,COV,ABG,ABG Huntingdon Lower N,COVABG
210,4/28/13,Sun,4:00 PM,U13C,BYC,ABG,ABG Huntingdon Lower S,BYCABG
143,4/28/13,Sun,12:00 PM,U11A,BYC,ABG,ABG Huntingdon Upper,BYCABG
540,4/28/13,Sun,4:00 PM,U11B,LV2,ABG2,ABG Huntingdon Upper,LV2ABG2
111,4/28/13,Sun,4:00 PM,U13A,LV,AVG,AVG Harmony Park,LVAVG
435,4/28/13,Sun,12:00 PM,U13B,WB1,BYC2,BYC Garnet Valley MS,WB1BYC2
23,4/28/13,Sun,2:00 PM,U15A,ABG,BYC,BYC Garnet Valley MS,ABGBYC
522,4/28/13,Sun,4:00 PM,U11B,ASH,COV2,COV OJR HS,ASHCOV2
206,4/29/13,Mon,6:30 PM,U13C,LV1,ABG,ABG Huntingdon Lower N,LV1ABG
477,4/29/13,Mon,6:30 PM,U13B,BYC2,ASH,ASH Lower Merion HS,BYC2ASH
374,4/29/13,Mon,7:00 PM,U13B,LV2,COV2,COV OJR HS,LV2COV2
198,4/29/13,Mon,6:30 PM,U13C,CVL,GV,GV Great Valley MS,CVLGV
257,4/29/13,Mon,6:30 PM,U13C,AVG1,KEN,KEN Kennett HS,AVG1KEN
474,4/29/13,Mon,6:30 PM,U13B,ST1,WB2,WB Embreeville,ST1WB2
469,4/29/13,Mon,6:30 PM,U13B,KEN,WC1,WC Kelly Field,KENWC1
352,4/30/13,Tue,6:30 PM,U13B,CVL,ABG,ABG Huntingdon Lower S,CVLABG
456,4/30/13,Tue,6:30 PM,U13B,AVG1,AVG2,AVG Avon Grove HS 1,AVG1AVG2
254,4/30/13,Tue,6:30 PM,U13C,BYC,AVG2,AVG Harmony Park,BYCAVG2
122,4/30/13,Tue,6:30 PM,U13A,UNV1,BYC,BYC Garnet Valley MS,UNV1BYC
66,4/30/13,Tue,6:30 PM,U13A,CVL,GV,GV Great Valley MS,CVLGV
379,4/30/13,Tue,6:30 PM,U13B,LV1,PHX,PHX PMYC,LV1PHX
83,4/30/13,Tue,6:30 PM,U13A,ABG,ST,ST Wilson Park TEYSA,ABGST
433,4/30/13,Tue,6:30 PM,U13B,BYC1,WB1,WB Embreeville,BYC1WB1
425,4/30/13,Tue,6:30 PM,U13B,UNV,WC4,WC Kelly Field,UNVWC4
77,4/30/13,Tue,8:00 PM,U13A,COV,WC,WC Kelly Field,COVWC
148,5/1/13,Wed,6:30 PM,U11A,WC1,ASH,ASH Lower Merion HS,WC1ASH
181,5/1/13,Wed,6:30 PM,U11A,KEN,AVG,AVG Harmony Park,KENAVG
622,5/1/13,Wed,6:30 PM,U11B,AVG2,BYC2,BYC Bethel Spr ES 12,AVG2BYC2
589,5/1/13,Wed,6:30 PM,U11B,WC2,BYC3,BYC Concord Municipal 2,WC2BYC3
484,5/1/13,Wed,7:00 PM,U11B,CVL1,COV2,COV OJR HS,CVL1COV2
503,5/1/13,Wed,6:30 PM,U11B,LV3,CVL3,CVL Warrior Field,LV3CVL3
564,5/1/13,Wed,6:30 PM,U11B,BYC1,GV1,GV Great Valley MS,BYC1GV1
610,5/1/13,Wed,6:30 PM,U11B,UNV,KEN1,KEN Legacy Field B,UNVKEN1
552,5/1/13,Wed,6:30 PM,U11B,ST,LV1,LV Eagleview 2,STLV1
498,5/1/13,Wed,6:30 PM,U11B,CVL2,PHX,PHX PMYC,CVL2PHX
138,5/1/13,Wed,6:30 PM,U11A,ABG,ST,ST TE Middle Sch 2,ABGST
176,5/1/13,Wed,6:30 PM,U11A,BYC,UNV,UNV Patton MS 17,BYCUNV
575,5/1/13,Wed,6:30 PM,U11B,GV2,WB2,WB Embreeville,GV2WB2
132,5/1/13,Wed,6:30 PM,U11A,CVL,WC2,WC Kelly Field,CVLWC2
584,5/1/13,Wed,8:00 PM,U11B,WB1,WC1,WC Kelly Field,WB1WC1
29,5/2/13,Thu,6:30 PM,U15A,BYC,ASH,ASH Haverford Upper,BYCASH
262,5/2/13,Thu,6:30 PM,U15B,CVL,ASH,ASH Lower Merion HS,CVLASH
42,5/2/13,Thu,6:30 PM,U15A,AVG,GV,GV Great Valley MS,AVGGV
347,5/2/13,Thu,6:30 PM,U15B,BYC,KEN,KEN Legacy Field B,BYCKEN
289,5/2/13,Thu,6:30 PM,U15B,PHX,LV,LV Pine Creek 1,PHXLV
276,5/2/13,Thu,6:30 PM,U15B,COV,ST,ST Wilson Park CYL,COVST
19,5/2/13,Thu,6:30 PM,U15A,ABG,ST,ST Wilson Park TEYSA,ABGST
15,5/2/13,Thu,6:30 PM,U15A,COV,WC,WC Kelly Field,COVWC
384,5/4/13,Sat,12:00 PM,U13B,ST1,ABG,ABG Huntingdon Upper,ST1ABG
202,5/4/13,Sat,9:00 AM,U13C,CVL,AVG2,AVG Avon Grove HS 1,CVLAVG2
437,5/4/13,Sat,11:00 AM,U13B,WB1,AVG2,AVG Avon Grove HS 1,WB1AVG2
211,5/4/13,Sat,1:00 PM,U13C,ABG,AVG1,AVG Avon Grove HS 1,ABGAVG1
450,5/4/13,Sat,9:00 AM,U13B,BYC1,AVG1,AVG Avon Grove HS 2,BYC1AVG1
591,5/4/13,Sat,11:00 AM,U11B,WC2,AVG2,AVG Avon Grove HS 2,WC2AVG2
641,5/4/13,Sat,1:00 PM,U11B,ABG1,AVG1,AVG Avon Grove HS 2,ABG1AVG1
144,5/4/13,Sat,3:00 PM,U11A,ABG,AVG,AVG Avon Grove HS 2,ABGAVG
81,5/4/13,Sat,9:00 AM,U13A,COV,AVG,AVG Avon Grove HS Stadium,COVAVG
30,5/4/13,Sat,11:00 AM,U15A,ASH,AVG,AVG Avon Grove HS Stadium,ASHAVG
308,5/4/13,Sat,1:00 PM,U15B,ASH,AVG,AVG Avon Grove HS Stadium,ASHAVG
245,5/4/13,Sat,4:00 PM,U13C,GV,BYC,BYC Concord Municipal 1,GVBYC
164,5/4/13,Sat,12:00 PM,U11A,LV,BYC,BYC Concord Municipal 2,LVBYC
620,5/4/13,Sat,2:00 PM,U11B,BYC1,BYC3,BYC Concord Municipal 2,BYC1BYC3
8,5/4/13,Sat,10:00 AM,U15A,CVL,BYC,BYC Garnet Valley MS,CVLBYC
370,5/4/13,Sat,4:00 PM,U13B,ASH,COV2,COV OJR HS,ASHCOV2
65,5/4/13,Sat,10:00 AM,U13A,LV,CVL,CVL Black Rock 6,LVCVL
349,5/4/13,Sat,12:00 PM,U13B,COV1,CVL,CVL Black Rock 6,COV1CVL
489,5/4/13,Sat,12:00 PM,U11B,ASH,CVL1,CVL Warrior Field,ASHCVL1
133,5/4/13,Sat,2:00 PM,U11A,UNV,CVL,CVL Warrior Field,UNVCVL
501,5/4/13,Sat,4:00 PM,U11B,ST,CVL2,CVL Warrior Field,STCVL2
57,5/4/13,Sat,2:00 PM,U15A,LV,GV,GV Great Valley MS,LVGV
576,5/4/13,Sat,4:00 PM,U11B,BYC2,GV2,GV Great Valley MS,BYC2GV2
272,5/4/13,Sat,10:00 AM,U15B,COV,KEN,KEN Legacy Field C,COVKEN
634,5/4/13,Sat,12:00 PM,U11B,KEN1,KEN2,KEN Legacy Field C,KEN1KEN2
175,5/4/13,Sat,2:00 PM,U11A,WC2,KEN,KEN Legacy Field C,WC2KEN
546,5/4/13,Sat,12:00 PM,U11B,ABG3,LV2,LV Eagleview 1,ABG3LV2
504,5/4/13,Sat,2:00 PM,U11B,CVL3,LV1,LV Eagleview 2,CVL3LV1
215,5/4/13,Sat,12:00 PM,U13C,ASH,LV1,LV Pine Creek 1,ASHLV1
320,5/4/13,Sat,2:00 PM,U15B,WC3,LV,LV Pine Creek 1,WC3LV
224,5/4/13,Sat,4:00 PM,U13C,ST,LV2,LV Pine Creek 1,STLV2
528,5/4/13,Sat,10:00 AM,U11B,ABG2,PHX,PHX PMYC,ABG2PHX
399,5/4/13,Sat,12:00 PM,U13B,WC1,ST2,ST TE Middle Sch 2,WC1ST2
312,5/4/13,Sat,2:00 PM,U15B,WC2,ST,ST Wilson Park TEYSA,WC2ST
563,5/4/13,Sat,2:00 PM,U11B,GV1,UNV,UNV Patton MS 17,GV1UNV
446,5/4/13,Sat,4:00 PM,U13B,BYC2,UNV,UNV Patton MS 17,BYC2UNV
102,5/4/13,Sat,4:00 PM,U13A,ST,UNV1,UNV Upland Country DS,STUNV1
343,5/4/13,Sat,12:00 PM,U15B,BYC,WB,WB Downingtown MS,BYCWB
407,5/4/13,Sat,10:00 AM,U13B,WC2,WB2,WB Embreeville,WC2WB2
56,5/4/13,Sat,10:00 AM,U15A,ST,WC,WC Kelly Field,STWC
326,5/4/13,Sat,12:00 PM,U15B,GV,WC1,WC Kelly Field,GVWC1
585,5/4/13,Sat,2:00 PM,U11B,WB2,WC1,WC Kelly Field,WB2WC1
414,5/4/13,Sat,4:00 PM,U13B,WC4,WC3,WC Kelly Field,WC4WC3
296,5/5/13,Sun,12:00 PM,U15B,AVG,ABG,ABG Huntingdon Upper,AVGABG
73,5/5/13,Sun,12:00 PM,U13A,COV,ASH,ASH Lower Merion HS,COVASH
222,5/5/13,Sun,2:00 PM,U13C,KEN,ASH,ASH Lower Merion HS,KENASH
152,5/5/13,Sun,4:00 PM,U11A,AVG,ASH,ASH Lower Merion HS,AVGASH
89,5/5/13,Sun,12:00 PM,U13A,ABG,BYC,BYC Garnet Valley MS,ABGBYC
10,5/5/13,Sun,12:00 PM,U15A,ABG,COV,COV OJR HS,ABGCOV
517,5/5/13,Sun,2:00 PM,U11B,ABG1,COV1,COV OJR HS,ABG1COV1
519,5/5/13,Sun,4:00 PM,U11B,ABG3,COV2,COV OJR HS,ABG3COV2
 ,5/5/13,Sun,3:00 PM,U13 CCLA,ALL STAR,TRYOUTS,GV Great Valley HS, 
 ,5/5/13,Sun,5:30 PM,U15 CCLA,ALL STAR,TRYOUTS,GV Great Valley HS, 
300,5/6/13,Mon,6:30 PM,U15B,LV,ABG,ABG Huntingdon Lower N,LVABG
303,5/6/13,Mon,6:30 PM,U15B,WC3,ASH,ASH Lower Merion HS,WC3ASH
255,5/6/13,Mon,6:30 PM,U13C,KEN,BYC,BYC Bethel Spr ES 12,KENBYC
330,5/6/13,Mon,6:30 PM,U15B,WC1,BYC,BYC Garnet Valley MS,WC1BYC
473,5/6/13,Mon,7:00 PM,U13B,WB1,COV1,COV OJR HS,WB1COV1
329,5/6/13,Mon,6:30 PM,U15B,WB,GV,GV Great Valley MS,WBGV
413,5/6/13,Mon,6:30 PM,U13B,WC2,KEN,KEN Kennett HS,WC2KEN
465,5/6/13,Mon,6:30 PM,U13B,BYC1,ST1,ST TE Middle Sch 1,BYC1ST1
223,5/6/13,Mon,6:30 PM,U13C,LV1,ST,ST TE Middle Sch 2,LV1ST
338,5/6/13,Mon,6:30 PM,U15B,KEN,WC2,WC Kelly Field,KENWC2
204,5/7/13,Tue,6:30 PM,U13C,ASH,ABG,ABG Huntingdon Lower N,ASHABG
377,5/7/13,Tue,6:30 PM,U13B,PHX,ASH,ASH Lower Merion HS,PHXASH
422,5/7/13,Tue,6:30 PM,U13B,WC3,AVG2,AVG Avon Grove HS 1,WC3AVG2
466,5/7/13,Tue,6:30 PM,U13B,ST2,BYC2,BYC Garnet Valley MS,ST2BYC2
76,5/7/13,Tue,7:00 PM,U13A,GV,COV,COV OJR HS,GVCOV
357,5/7/13,Tue,6:30 PM,U13B,LV2,CVL,CVL Black Rock 6,LV2CVL
67,5/7/13,Tue,6:30 PM,U13A,WC,CVL,CVL Mt Kirk,WCCVL
373,5/7/13,Tue,6:30 PM,U13B,COV2,LV1,LV Lionville MS,COV2LV1
544,5/8/13,Wed,6:30 PM,U11B,ST,ABG3,ABG Huntingdon Lower S,STABG3
600,5/8/13,Wed,6:30 PM,U11B,WB1,AVG1,AVG Harmony Park,WB1AVG1
628,5/8/13,Wed,6:30 PM,U11B,KEN2,BYC3,BYC Bethel Spr ES 12,KEN2BYC3
151,5/8/13,Wed,6:30 PM,U11A,ASH,BYC,BYC Concord Municipal 2,ASHBYC
496,5/8/13,Wed,7:00 PM,U11B,CVL2,COV1,COV OJR HS,CVL2COV1
127,5/8/13,Wed,6:30 PM,U11A,ABG,CVL,CVL Mt Kirk,ABGCVL
505,5/8/13,Wed,6:30 PM,U11B,LV2,CVL3,CVL Warrior Field,LV2CVL3
562,5/8/13,Wed,6:30 PM,U11B,WB2,GV1,GV Great Valley MS,WB2GV1
556,5/8/13,Wed,6:30 PM,U11B,LV3,LV1,LV Eagleview 1,LV3LV1
163,5/8/13,Wed,6:30 PM,U11A,UNV,LV,LV Eagleview 2,UNVLV
613,5/8/13,Wed,6:30 PM,U11B,BYC2,UNV,UNV Patton MS 17,BYC2UNV
587,5/8/13,Wed,6:30 PM,U11B,BYC1,WC1,WC Kelly Field,BYC1WC1
573,5/8/13,Wed,8:00 PM,U11B,GV2,WC2,WC Kelly Field,GV2WC2
20,5/9/13,Thu,6:30 PM,U15A,LV,ABG,ABG Huntingdon Lower S,LVABG
47,5/9/13,Thu,6:30 PM,U15A,CVL,ASH,ASH Haverford Upper,CVLASH
59,5/9/13,Thu,6:30 PM,U15A,WC,BYC,BYC Garnet Valley MS,WCBYC
259,5/9/13,Thu,6:30 PM,U15B,COV,CVL,CVL Mt Kirk,COVCVL
49,5/9/13,Thu,6:30 PM,U15A,COV,ST,ST Wilson Park CYL,COVST
189,5/9/13,Thu,6:30 PM,U11A,AVG,WC1,WC Kelly Field,AVGWC1
141,5/11/13,Sat,12:00 PM,U11A,WC2,ABG,ABG Huntingdon Upper,WC2ABG
216,5/11/13,Sat,10:00 AM,U13C,LV2,ASH,ASH Lower Merion HS,LV2ASH
363,5/11/13,Sat,12:00 PM,U13B,COV1,ASH,ASH Lower Merion HS,COV1ASH
543,5/11/13,Sat,2:00 PM,U11B,ABG2,ASH,ASH Lower Merion HS,ABG2ASH
39,5/11/13,Sat,10:00 AM,U15A,LV,AVG,AVG Avon Grove HS 1,LVAVG
627,5/11/13,Sat,12:00 PM,U11B,BYC3,AVG2,AVG Avon Grove HS 1,BYC3AVG2
285,5/11/13,Sat,10:00 AM,U15B,PHX,AVG,AVG Avon Grove HS 2,PHXAVG
608,5/11/13,Sat,12:00 PM,U11B,WB2,AVG1,AVG Avon Grove HS 2,WB2AVG1
256,5/11/13,Sat,2:00 PM,U13C,AVG2,AVG1,AVG Avon Grove HS 2,AVG2AVG1
640,5/11/13,Sat,10:00 AM,U11B,PHX,BYC2,BYC Concord Municipal 2,PHXBYC2
179,5/11/13,Sat,12:00 PM,U11A,AVG,BYC,BYC Concord Municipal 2,AVGBYC
340,5/11/13,Sat,2:00 PM,U15B,WC3,BYC,BYC Garnet Valley MS,WC3BYC
53,5/11/13,Sat,4:00 PM,U15A,ASH,BYC,BYC Garnet Valley MS,ASHBYC
369,5/11/13,Sat,2:00 PM,U13B,ABG,COV2,COV Batdorf Park,ABGCOV2
72,5/11/13,Sat,4:00 PM,U13A,ABG,COV,COV Batdorf Park,ABGCOV
639,5/11/13,Sat,12:00 PM,U11B,GV2,COV2,COV OJR HS,GV2COV2
279,5/11/13,Sat,2:00 PM,U15B,WC1,COV,COV OJR HS,WC1COV
14,5/11/13,Sat,4:00 PM,U15A,GV,COV,COV OJR HS,GVCOV
199,5/11/13,Sat,10:00 AM,U13C,WC,CVL,CVL Warrior Field,WCCVL
482,5/11/13,Sat,12:00 PM,U11B,CVL1,CVL3,CVL Warrior Field,CVL1CVL3
497,5/11/13,Sat,2:00 PM,U11B,ABG1,CVL2,CVL Warrior Field,ABG1CVL2
131,5/11/13,Sat,4:00 PM,U11A,WC1,CVL,CVL Warrior Field,WC1CVL
327,5/11/13,Sat,12:15 PM,U15B,WC2,GV,GV Great Valley MS,WC2GV
618,5/11/13,Sat,12:00 PM,U11B,BYC1,KEN2,KEN Legacy Field C,BYC1KEN2
557,5/11/13,Sat,12:00 PM,U11B,LV2,LV3,LV Eagleview 2,LV2LV3
264,5/11/13,Sat,10:00 AM,U15B,CVL,LV,LV Pine Creek 2,CVLLV
645,5/11/13,Sat,10:00 AM,U11B,UNV,ST,ST TE Middle Sch 1,UNVST
227,5/11/13,Sat,12:00 PM,U13C,BYC,ST,ST TE Middle Sch 2,BYCST
154,5/11/13,Sat,2:00 PM,U11A,LV,ST,ST TE Middle Sch 2,LVST
101,5/11/13,Sat,12:00 PM,U13A,WC,ST,ST Wilson Park TEYSA,WCST
178,5/11/13,Sat,2:00 PM,U11A,KEN,UNV,UNV Patton MS 17,KENUNV
418,5/11/13,Sat,4:00 PM,U13B,WC3,UNV,UNV Patton MS 17,WC3UNV
123,5/11/13,Sat,2:00 PM,U13A,AVG,UNV1,UNV Upland Country DS,AVGUNV1
306,5/11/13,Sat,4:00 PM,U15B,ASH,WB,WB Downingtown MS,ASHWB
462,5/11/13,Sat,10:00 AM,U13B,PHX,WB1,WB Embreeville,PHXWB1
441,5/11/13,Sat,12:00 PM,U13B,AVG1,WB2,WB Embreeville,AVG1WB2
595,5/11/13,Sat,2:00 PM,U11B,WC2,WB1,WB Embreeville,WC2WB1
429,5/11/13,Sat,10:00 AM,U13B,AVG2,WC4,WC Kelly Field,AVG2WC4
397,5/11/13,Sat,12:00 PM,U13B,ST1,WC1,WC Kelly Field,ST1WC1
410,5/11/13,Sat,2:00 PM,U13B,BYC2,WC2,WC Kelly Field,BYC2WC2
51,5/11/13,Sat,4:00 PM,U15A,ABG,WC,WC Kelly Field,ABGWC
393,5/13/13,Mon,6:30 PM,U13B,LV2,ASH,ASH Lower Merion HS,LV2ASH
457,5/13/13,Mon,6:30 PM,U13B,KEN,AVG1,AVG Harmony Park,KENAVG1
281,5/13/13,Mon,7:00 PM,U15B,WC3,COV,COV OJR HS,WC3COV
263,5/13/13,Mon,6:30 PM,U15B,ST,CVL,CVL Mt Kirk,STCVL
244,5/13/13,Mon,6:30 PM,U13C,WC,GV,GV Great Valley MS,WCGV
231,5/13/13,Mon,6:30 PM,U13C,LV2,LV1,LV Pine Creek 1,LV2LV1
385,5/13/13,Mon,6:30 PM,U13B,ABG,ST2,ST TE Middle Sch 2,ABGST2
84,5/14/13,Tue,6:30 PM,U13A,LV,ABG,ABG Huntingdon Lower S,LVABG
95,5/14/13,Tue,6:30 PM,U13A,UNV1,ASH,ASH Lower Merion HS,UNV1ASH
120,5/14/13,Tue,6:30 PM,U13A,WC,AVG,AVG Avon Grove HS 1,WCAVG
440,5/14/13,Tue,6:30 PM,U13B,WB2,BYC2,BYC Garnet Valley MS,WB2BYC2
362,5/14/13,Tue,7:00 PM,U13B,ST1,COV1,COV OJR HS,ST1COV1
351,5/14/13,Tue,6:30 PM,U13B,PHX,CVL,CVL Mt Kirk,PHXCVL
230,5/14/13,Tue,6:30 PM,U13C,ST,KEN,KEN Legacy Field B,STKEN
402,5/14/13,Tue,6:30 PM,U13B,WC1,LV1,LV Lionville MS,WC1LV1
64,5/14/13,Tue,6:30 PM,U13A,CVL,ST,ST Wilson Park CYL,CVLST
408,5/14/13,Tue,6:30 PM,U13B,UNV,WC2,WC Kelly Field,UNVWC2
500,5/15/13,Wed,6:30 PM,U11B,CVL2,ABG2,ABG Huntingdon Lower N,CVL2ABG2
536,5/15/13,Wed,6:30 PM,U11B,ABG3,ABG1,ABG Huntingdon Lower S,ABG3ABG1
146,5/15/13,Wed,6:30 PM,U11A,ST,ASH,ASH Lower Merion HS,STASH
170,5/15/13,Wed,6:30 PM,U11A,WC1,AVG,AVG Harmony Park,WC1AVG
626,5/15/13,Wed,6:30 PM,U11B,KEN1,BYC3,BYC Bethel Spr ES 12,KEN1BYC3
518,5/15/13,Wed,7:00 PM,U11B,COV1,COV2,COV OJR HS,COV1COV2
572,5/15/13,Wed,6:30 PM,U11B,WB1,GV2,GV Great Valley MS,WB1GV2
646,5/15/13,Wed,6:30 PM,U11B,LV1,KEN2,KEN Legacy Field B,LV1KEN2
648,5/15/13,Wed,6:30 PM,U11B,AVG2,LV3,LV Eagleview 2,AVG2LV3
490,5/15/13,Wed,6:30 PM,U11B,CVL1,ST,ST TE Middle Sch 2,CVL1ST
605,5/15/13,Wed,6:30 PM,U11B,BYC1,WB2,WB Embreeville,BYC1WB2
583,5/15/13,Wed,6:30 PM,U11B,WC1,WC2,WC Kelly Field,WC1WC2
52,5/16/13,Thu,6:30 PM,U15A,GV,ABG,ABG Huntingdon Lower N,GVABG
298,5/16/13,Thu,6:30 PM,U15B,ASH,ABG,ABG Huntingdon Lower S,ASHABG
60,5/16/13,Thu,6:30 PM,U15A,BYC,AVG,AVG Avon Grove HS 1,BYCAVG
284,5/16/13,Thu,6:30 PM,U15B,KEN,PHX,PHX PMYC,KENPHX
323,5/16/13,Thu,6:30 PM,U15B,LV,WB,WB Downingtown MS,LVWB
331,5/16/13,Thu,6:30 PM,U15B,AVG,WC1,WC Kelly Field,AVGWC1
336,5/16/13,Thu,8:00 PM,U15B,BYC,WC2,WC Kelly Field,BYCWC2
220,5/17/13,Fri,6:30 PM,U13C,AVG1,ASH,ASH Lower Merion HS,AVG1ASH
529,5/18/13,Sat,2:00 PM,U11B,PHX,ABG3,ABG Huntingdon Lower S,PHXABG3
2,5/18/13,Sat,4:00 PM,U15A,CVL,ABG,ABG Huntingdon Lower S,CVLABG
537,5/18/13,Sat,12:00 PM,U11B,ABG1,ASH,ASH Lower Merion HS,ABG1ASH
391,5/18/13,Sat,2:00 PM,U13B,ST2,ASH,ASH Lower Merion HS,ST2ASH
17,5/18/13,Sat,10:00 AM,U15A,COV,AVG,AVG Avon Grove HS 1,COVAVG
221,5/18/13,Sat,2:00 PM,U13C,ASH,AVG2,AVG Avon Grove HS 1,ASHAVG2
428,5/18/13,Sat,10:00 AM,U13B,WC4,AVG1,AVG Harmony Park,WC4AVG1
468,5/18/13,Sat,12:00 PM,U13B,LV2,AVG2,AVG Harmony Park,LV2AVG2
200,5/18/13,Sat,2:00 PM,U13C,CVL,BYC,BYC Concord Municipal 1,CVLBYC
187,5/18/13,Sat,12:00 PM,U11A,ST,BYC,BYC Concord Municipal 2,STBYC
449,5/18/13,Sat,10:00 AM,U13B,BYC2,BYC1,BYC Garnet Valley MS,BYC2BYC1
346,5/18/13,Sat,12:00 PM,U15B,AVG,BYC,BYC Garnet Valley MS,AVGBYC
41,5/18/13,Sat,2:00 PM,U15A,GV,BYC,BYC Garnet Valley MS,GVBYC
80,5/18/13,Sat,4:00 PM,U13A,BYC,COV,COV OJR HS,BYCCOV
483,5/18/13,Sat,10:00 AM,U11B,COV1,CVL1,CVL Warrior Field,COV1CVL1
507,5/18/13,Sat,12:00 PM,U11B,COV2,CVL3,CVL Warrior Field,COV2CVL3
568,5/18/13,Sat,12:15 PM,U11B,AVG2,GV1,GV Great Valley MS,AVG2GV1
302,5/18/13,Sat,2:00 PM,U15B,ASH,GV,GV Great Valley MS,ASHGV
85,5/18/13,Sat,4:00 PM,U13A,ABG,GV,GV Great Valley MS,ABGGV
631,5/18/13,Sat,12:00 PM,U11B,AVG1,KEN2,KEN Kennett HS,AVG1KEN2
153,5/18/13,Sat,10:00 AM,U11A,ASH,KEN,KEN Legacy Field C,ASHKEN
593,5/18/13,Sat,12:00 PM,U11B,WC2,KEN1,KEN Legacy Field C,WC2KEN1
243,5/18/13,Sat,2:00 PM,U13C,LV2,KEN,KEN Legacy Field C,LV2KEN
539,5/18/13,Sat,12:00 PM,U11B,ABG2,LV1,LV Eagleview 1,ABG2LV1
161,5/18/13,Sat,10:00 AM,U11A,WC1,LV,LV Eagleview 2,WC1LV
356,5/18/13,Sat,2:00 PM,U13B,CVL,LV1,LV Hoeffecker,CVLLV1
233,5/18/13,Sat,4:00 PM,U13C,WC,LV1,LV Hoeffecker,WCLV1
286,5/18/13,Sat,2:00 PM,U15B,ABG,PHX,PHX PMYC,ABGPHX
378,5/18/13,Sat,4:00 PM,U13B,ST1,PHX,PHX PMYC,ST1PHX
553,5/18/13,Sat,2:00 PM,U11B,LV2,ST,ST TE Middle Sch 2,LV2ST
99,5/18/13,Sat,10:00 AM,U13A,LV,ST,ST Wilson Park TEYSA,LVST
31,5/18/13,Sat,12:00 PM,U15A,LV,ST,ST Wilson Park TEYSA,LVST
604,5/18/13,Sat,12:00 PM,U11B,WB2,UNV,UNV Patton MS 17,WB2UNV
142,5/18/13,Sat,2:00 PM,U11A,ABG,UNV,UNV Patton MS 17,ABGUNV
68,5/18/13,Sat,4:00 PM,U13A,CVL,UNV1,UNV Upland Country DS,CVLUNV1
596,5/18/13,Sat,2:00 PM,U11B,BYC2,WB1,WB Embreeville,BYC2WB1
436,5/18/13,Sat,4:00 PM,U13B,KEN,WB1,WB Embreeville,KENWB1
94,5/18/13,Sat,12:00 PM,U13A,ASH,WC,WC Kelly Field,ASHWC
266,5/18/13,Sat,2:00 PM,U15B,CVL,WC1,WC Kelly Field,CVLWC1
415,5/18/13,Sat,4:00 PM,U13B,WB2,WC3,WC Kelly Field,WB2WC3
545,5/19/13,Sun,12:00 PM,U11B,LV1,ABG3,ABG Huntingdon Lower N,LV1ABG3
11,5/19/13,Sun,2:00 PM,U15A,COV,ASH,ASH Lower Merion HS,COVASH
134,5/19/13,Sun,2:00 PM,U11A,CVL,BYC,BYC Garnet Valley MS,CVLBYC
360,5/19/13,Sun,2:00 PM,U13B,ABG,COV1,COV OJR HS,ABGCOV1
203,5/19/13,Sun,2:00 PM,U13C,KEN,CVL,CVL Warrior Field,KENCVL
644,5/19/13,Sun,2:00 PM,U11B,ASH,KEN1,KEN Kennett MS,ASHKEN1
426,5/20/13,Mon,6:30 PM,U13B,WC4,BYC1,BYC Garnet Valley MS,WC4BYC1
359,5/20/13,Mon,7:00 PM,U13B,COV2,COV1,COV OJR HS,COV2COV1
261,5/20/13,Mon,6:30 PM,U15B,ABG,CVL,CVL Mt Kirk,ABGCVL
232,5/20/13,Mon,6:30 PM,U13C,LV1,GV,GV Great Valley MS,LV1GV
288,5/20/13,Mon,6:30 PM,U15B,ST,PHX,PHX PMYC,STPHX
431,5/20/13,Mon,6:30 PM,U13B,WB1,WB2,WB Embreeville,WB1WB2
339,5/20/13,Mon,6:30 PM,U15B,WB,WC3,WC Kelly Field,WBWC3
376,5/21/13,Tue,7:00 PM,U13B,PHX,ABG,ABG Huntingdon Upper,PHXABG
97,5/21/13,Tue,6:30 PM,U13A,BYC,ASH,ASH Lower Merion HS,BYCASH
478,5/21/13,Tue,6:30 PM,U13B,WC1,AVG1,AVG Avon Grove HS 1,WC1AVG1
420,5/21/13,Tue,6:30 PM,U13B,WC3,BYC2,BYC Garnet Valley MS,WC3BYC2
355,5/21/13,Tue,6:30 PM,U13B,ST2,CVL,CVL Mt Kirk,ST2CVL
100,5/21/13,Tue,6:30 PM,U13A,ST,GV,GV Great Valley MS,STGV
447,5/21/13,Tue,6:30 PM,U13B,UNV,KEN,KEN Legacy Field B,UNVKEN
390,5/21/13,Tue,6:30 PM,U13B,ASH,LV1,LV Lionville MS,ASHLV1
229,5/21/13,Tue,6:30 PM,U13C,AVG2,ST,ST TE Middle Sch 1,AVG2ST
396,5/21/13,Tue,6:30 PM,U13B,LV2,ST1,ST TE Middle Sch 2,LV2ST1
239,5/21/13,Tue,6:30 PM,U13C,LV2,WC,WC Kelly Field,LV2WC
107,5/21/13,Tue,8:00 PM,U13A,LV,WC,WC Kelly Field,LVWC
412,5/21/13,Tue,6:30 PM,U13B,AVG2,WC2,WC Rustin HS Stadium,AVG2WC2
128,5/22/13,Wed,6:30 PM,U11A,CVL,ASH,ASH Lower Merion HS,CVLASH
192,5/22/13,Wed,6:30 PM,U11A,BYC,AVG,AVG Harmony Park,BYCAVG
621,5/22/13,Wed,6:30 PM,U11B,AVG1,BYC2,BYC Bethel Spr ES 12,AVG1BYC2
510,5/22/13,Wed,6:30 PM,U11B,ABG2,CVL3,CVL Warrior Field,ABG2CVL3
569,5/22/13,Wed,6:30 PM,U11B,KEN1,GV2,GV Great Valley MS,KEN1GV2
554,5/22/13,Wed,6:30 PM,U11B,ST,LV3,LV Eagleview 1,STLV3
516,5/22/13,Wed,6:30 PM,U11B,COV1,LV2,LV Eagleview 2,COV1LV2
530,5/22/13,Wed,6:30 PM,U11B,ASH,PHX,PHX PMYC,ASHPHX
160,5/22/13,Wed,6:30 PM,U11A,KEN,ST,ST TE Middle Sch 2,KENST
597,5/22/13,Wed,6:30 PM,U11B,WB1,WB2,WB Embreeville,WB1WB2
580,5/22/13,Wed,6:30 PM,U11B,KEN2,WC1,WC Kelly Field,KEN2WC1
162,5/22/13,Wed,8:00 PM,U11A,LV,WC2,WC Kelly Field,LVWC2
18,5/23/13,Thu,6:30 PM,U15A,ASH,ABG,ABG Huntingdon Lower N,ASHABG
324,5/23/13,Thu,6:30 PM,U15B,GV,AVG,AVG Avon Grove HS 1,GVAVG
7,5/23/13,Thu,6:30 PM,U15A,WC,CVL,CVL Black Rock 6,WCCVL
36,5/23/13,Thu,6:30 PM,U15A,GV,LV,LV Hoeffecker,GVLV
318,5/23/13,Thu,6:30 PM,U15B,WC1,LV,LV Pine Creek 1,WC1LV
280,5/23/13,Thu,6:30 PM,U15B,COV,WC2,WC Kelly Field,COVWC2
Make-up 1,5/24/13,Fri,6:30PM, ,IF,NEEDED, ,
Blackout,5/25/13,Sat,, ,MEM DAY,WEEKEND,,
Blackout,5/26/13,Sun,, ,MEM DAY,WEEKEND,,
Blackout,5/27/13,Mon,, ,MEM DAY,WEEKEND,,
Make-up 2,5/28/13,Tue,6:30PM, ,IF,NEEDED, ,
Playoff 1,5/29/13,Wed,6:30 PM,U13B,TBA,TBA,TBA: Playoff Round 1,
Playoff 1,5/29/13,Wed,6:30 PM,U13A,TBA,TBA,TBA: Playoff Round 1,
Playoff 1,5/30/13,Thu,6:30 PM,U15B,TBA,TBA,TBA: Playoff Round 1,
Playoff 1,5/30/13,Thu,6:30 PM,U15A,TBA,TBA,TBA: Playoff Round 1,
Playoff 2,6/1/13,Sat,6:30 PM,U13B,TBA,TBA,TBA: Playoff Round 2,
Playoff 2,6/1/13,Sat,6:30 PM,U13A,TBA,TBA,TBA: Playoff Round 2,
Playoff 2,6/2/13,Sun,6:30 PM,U15B,TBA,TBA,TBA: Playoff Round 2,
Playoff 2,6/2/13,Sun,6:30 PM,U15A,TBA,TBA,TBA: Playoff Round 2,
Champ,6/4/13,Tue,6:30 PM,U13B,TBA,TBA,USTC: Championship,
Champ,6/4/13,Tue,8:00 PM,U13A,TBA,TBA,USTC: Championship,
Champ,6/5/13,Wed,6:30 PM,U15B,TBA,TBA,USTC: Championship,
Champ,6/5/13,Wed,8:00 PM,U15A,TBA,TBA,USTC: Championship,