Club ID,Date,Start,Finish,Team,Facility,Type,Opponent,Note,N/A,For,Against,DB ID,Ofcl,Write Up
2013001305,04/11/2015,9:00 AM,10:30 AM,Wissahickon A3,Wissahickon,Game,Horsham A3,,,,,3767866,,
2013001401,04/11/2015,9:00 AM,10:30 AM,Crooked Crosse B3,CCLC,Game,Souderton B3,,,,,3767949,,
2013001350,04/11/2015,9:00 AM,10:30 AM,CBAA B2,CBAA 2,Game,Boyertown B2,,,,,3767907,,
2013001270,04/11/2015,9:00 AM,10:30 AM,Lower Bucks Blue A3,William Penn Middle Scho,Game,Lansing A3,,,,,3767831,,
,04/11/2015,9:30 AM,11:00 AM,Haven A3,Haven - King Field Turf,Game,Radnor Maroon A3,,,,,3761666,,
2013001378,04/11/2015,10:00 AM,11:30 AM,Warriors B2,Twin Oaks Day Camp Field,Game,Souderton B2,,,,,3767931,,
,04/11/2015,10:00 AM,11:30 AM,StJoes A2,St Joe - Mary St,Game,Aston A2,,,,,3761636,,
,04/11/2015,10:00 AM,11:30 AM,Marple A1,Gauntlett Center,Game,Warriors A1,,,,,3760514,,
2013001446,04/11/2015,10:00 AM,11:30 AM,Spartan B3,Spartan,Game,North Penn B3,,,,,3767989,,
,04/11/2015,10:00 AM,11:30 AM,Wissahickon A1,Wissahickon,Game,Conshohocken A1,,,,,3760516,,
2013001456,04/11/2015,10:30 AM,12:00 PM,Upper Moreland B3,Nathaniel Boileau Park,Game,Council Rock B3,,,,,3767999,,
2013001071,04/11/2015,10:30 AM,12:00 PM,CBAA  A1A,CBAA 1,Game,Council Rock A1A,,,,,3750103,,
2013001178,04/11/2015,10:30 AM,12:00 PM,Deep Run A1,Deep Run,Game,Boyertown A1,,,,,3767751,,
2013001116,04/11/2015,10:30 AM,12:00 PM,Crooked Crosse A1A,CCLC,Game,Springfield A1A,,,,,3750140,,
2013001129,04/11/2015,10:30 AM,12:00 PM,CBAA B1A,CBAA 2,Game,Boyertown B1A,,,,,3770144,,
2013001326,04/11/2015,10:30 AM,12:00 PM,Horsham B1,Cedar Hill Park,Game,Warriors B1,,,,,3767887,,
2013001827,04/11/2015,10:30 AM,12:00 PM,Souderton White A2,Souderton,Game,Council Rock White A2,,,,,3768575,,
2013001275,04/11/2015,10:30 AM,12:00 PM,Lower Bucks White A3,William Penn Middle Scho,Game,Warriors A3,,,,,3767836,,
2013001190,04/11/2015,10:30 AM,12:00 PM,Perkiomen Valley A1,Perk Valley Middle Schoo,Game,Horsham A1,,,,,3767763,,
2013001290,04/11/2015,10:30 AM,12:00 PM,Spring-Ford A3,Brooke Elementary School,Game,North Penn A3,,,,,3767851,,
,04/11/2015,11:00 AM,12:30 PM,Haven A1,Haven - King Field Turf,Game,Ashbee A1,,,,,3760517,,
2013001193,04/11/2015,11:30 AM,1:00 PM,Spartan A1,Spartan,Game,North Penn A1,,,,,3767766,,
,04/11/2015,11:45 AM,1:15 PM,Marple Newtown A3,Gauntlett Center,Game,Haverford A3,,,,,3761664,,
2013001406,04/11/2015,12:00 PM,1:30 PM,Horsham B3,Cedar Hill Park,Game,Lansing B3,,,,,3767954,,
2013001366,04/11/2015,12:00 PM,1:30 PM,Phoenixville B2,PMYC Clubhouse Field,Game,Deep Run B2,,,,,3767923,,
2013001826,04/11/2015,12:00 PM,1:30 PM,Souderton Red A2,Souderton,Game,Phoenixville A2,,,,,3768574,,
2013001121,04/11/2015,12:00 PM,1:30 PM,Ashbee B1A,Harriton 1,Game,Springfield B1A,,,,,3763150,,
2013001209,04/11/2015,12:00 PM,1:30 PM,Crooked Crosse A2,CCLC,Game,Council Rock Blue A2,,,,,3767778,,
2013001217,04/11/2015,12:00 PM,1:30 PM,Lower Bucks A2,William Penn Middle Scho,Game,Warriors A2,,,,,3767786,,
2013001436,04/11/2015,12:00 PM,1:30 PM,Perkiomen Valley B3,Perk Valley Middle Schoo,Game,Wissahickon Blue B3,,,,,3767984,,
2013001805,04/11/2015,12:00 PM,1:30 PM,CBAA A1,CBAA 1,Game,Calvary A1,,,,,3768553,,
2013001213,04/11/2015,12:00 PM,1:30 PM,Deep Run A2,Deep Run,Game,Boyertown A2,,,,,3767782,,
2013001141,04/11/2015,12:00 PM,1:30 PM,Moorestown B1A,Moorestown,Game,Radnor B1A,,,,,3763170,,
2013001295,04/11/2015,12:00 PM,1:30 PM,Upper Moreland A3,Nathaniel Boileau Park,Game,Council Rock  A3,,,,,3767856,,
,04/11/2015,12:00 PM,1:30 PM,Radnor White A3,Prevost Field,Game,Ashbee A3,,,,,3761663,,
2013001703,04/11/2015,12:00 PM,1:30 PM,CBAA B3,CBAA 2,Game,Boyertown B3,,,,,3768219,,
2013001237,04/11/2015,12:00 PM,1:30 PM,Spring-Ford A2,Brooke Elementary School,Game,North Penn A2,,,,,3767798,,
2013001650,04/11/2015,1:00 PM,2:30 PM,Spartan B1,Spartan,Game,North Penn B1,,,,,3768179,,
2013001374,04/11/2015,1:30 PM,3:00 PM,Upper Moreland B2,Nathaniel Boileau Park,Game,Council Rock B2,,,,,3767927,,
2013001806,04/11/2015,1:30 PM,3:00 PM,CBAA A3,CBAA 1,Game,Perkiomen Valley A3,,,,,3768554,,
2013001314,04/11/2015,1:30 PM,3:00 PM,CBAA B1,CBAA 2,Game,Calvary B1,,,,,3770136,,
2013001626,04/11/2015,1:30 PM,3:00 PM,CBAA B1,CBAA 2,Game,Calvary B1,,,,,3768155,,
2013001817,04/11/2015,1:30 PM,3:00 PM,CBAA B1,CBAA 2,Game,Calvary B1,,,,,3770137,,
2013001161,04/11/2015,1:30 PM,3:00 PM,Spring-Ford B1A,Brooke Elementary,Game,Crooked Crosse B1A,,,,,3763190,,
2013001421,04/11/2015,1:30 PM,3:00 PM,Lower Bucks White B3,William Penn Middle Scho,Game,Warriors White B3,,,,,3767969,,
2013001451,04/11/2015,3:00 PM,4:30 PM,Spring-Ford B3,Brooke Elementary School,Game,New Hope B3,,,,,3767994,,
2013001416,04/11/2015,3:00 PM,4:30 PM,Lower Bucks Blue B3,William Penn Middle Scho,Game,Wariors Blue B3,,,,,3767964,,
,04/11/2015,3:00 PM,4:30 PM,Ridley B2,Ridley Municipal Park,Game,Drexel Hill B2,,,,,3769595,,
2013001354,04/12/2015,10:30 AM,12:00 PM,Council Rock B2,Newtown Elementary,Game,CBAA B2,,,,,3767911,,
2013001125,04/12/2015,10:30 AM,12:00 PM,Boyertown B1A,Boyertown,Game,Wissahickon B1A,,,,,3763154,,
2013001133,04/12/2015,11:00 AM,12:30 PM,Crooked Crosse B1A,CCLC,Game,Perkiomen Valley B1A,,,,,3763162,,
2013001491,04/12/2015,12:00 PM,1:30 PM,Deep Run A1,Deep Run,Game,North Penn A1,,,,,3768032,,
2013001157,04/12/2015,12:00 PM,1:30 PM,Springfield B1A,Springfield - Church Rd,Game,Moorestown B1A,,,,,3763186,,
2013001296,04/12/2015,12:00 PM,1:30 PM,Upper Moreland A3,Nathaniel Boileau Park,Game,North Penn A3,,,,,3767857,,
2013001396,04/12/2015,12:00 PM,1:30 PM,Council Rock B3,Newtown Elementary,Game,Spartan B3,,,,,3767944,,
2013001310,04/12/2015,12:00 PM,1:30 PM,Calvary B1,Calvary AA,Game,Warriors B1,,,,,3767871,,
2013001260,04/12/2015,12:00 PM,1:30 PM,Horsham A3,Cedar Hill Park,Game,Spring-Ford A3,,,,,3767821,,
2013001411,04/12/2015,12:00 PM,1:30 PM,Lansing B3,Abraham Lincoln High Sch,Game,Wariors Blue B3,,,,,3767959,,
2013001844,04/12/2015,12:00 PM,1:30 PM,Boyertown B3,Boyertown,Game,Wissahickon Gold B3,,,,,3768595,,
2013001130,04/12/2015,12:00 PM,1:30 PM,CBAA B1A,CBAA 2,Game,Spring-Ford B1A,,,,,3763159,,
2013001466,04/12/2015,12:00 PM,1:30 PM,Warriors White B3,Twin Oaks Day Camp Field,Game,Lower Bucks Blue B3,,,,,3768009,,
2013001437,04/12/2015,12:00 PM,1:30 PM,Perkiomen Valley B3,Perk Valley Middle Schoo,Game,Upper Moreland B3,,,,,3767985,,
2013001122,04/12/2015,12:00 PM,1:30 PM,Ashbee B1A,Lower Merion - Grass,Game,Rose Tree B1A,,,,,3763151,,
2013001426,04/12/2015,12:00 PM,1:30 PM,New Hope B3,Hardy Bush Fields,Game,Wissahickon Blue B3,,,,,3767974,,
2013001218,04/12/2015,12:00 PM,1:30 PM,Lower Bucks A2,William Penn Middle Scho,Game,Spring-Ford A2,,,,,3767787,,
2013001210,04/12/2015,12:30 PM,2:00 PM,Crooked Crosse A2,CCLC,Game,Phoenixville A2,,,,,3767779,,
,04/12/2015,1:00 PM,2:30 PM,Haverford B3,Haverford,Game,Radnor White B3,,,,,3769811,,
,04/12/2015,1:00 PM,2:15 PM,Upper Merion C2,Heuser Field 1,Game,Haven C2,,,,,3771219,,
,04/12/2015,1:00 PM,2:30 PM,Radnor B2,Encke Field,Game,Haverford B2,,,,,3769594,,
,04/12/2015,1:00 PM,2:15 PM,Rose Tree C,Rose Tree,Game,Ridley C,,,,,3771110,,
,04/12/2015,1:00 PM,2:30 PM,Aston B3,Aston (Pennell Field),Game,Rose Tree B3,,,,,3769814,,
,04/12/2015,1:00 PM,2:30 PM,Conshohocken B1,Conshohocken,Game,Marple Newtown B2,,,,,3769596,,
,04/12/2015,1:00 PM,2:30 PM,Drexel Hill A2,Drexel Hill,Game,Radnor A2,,,,,3761638,,
,04/12/2015,1:00 PM,2:30 PM,Interboro A2,Interboro,Game,Rose Tree A2,,,,,3761637,,
,04/12/2015,1:00 PM,2:30 PM,Haven B1,Haven - King Field Turf,Game,Radnor B1,,,,,3768902,,
2013001110,04/12/2015,1:00 PM,2:30 PM,Radnor A1A,Radnor Memorial Park,Game,Haverford A1A,,,,,3750134,,
,04/12/2015,1:00 PM,2:30 PM,Marple B3,Episcopal Academy Turf,Game,Radnor Maroon B3,,,,,3769813,,
2013001392,04/12/2015,1:30 PM,3:00 PM,CBAA B3,CBAA 2,Game,Spring-Ford B3,,,,,3767940,,
2013001367,04/12/2015,1:30 PM,3:00 PM,Phoenixville B2,PMYC Clubhouse Field,Game,Upper Moreland B2,,,,,3767924,,
2013001362,04/12/2015,1:30 PM,3:00 PM,Lansing B2,Abraham Lincoln High Sch,Game,Warriors B2,,,,,3767919,,
2013001182,04/12/2015,1:30 PM,3:00 PM,Horsham A1,Cedar Hill Park,Game,Spartan A1,,,,,3767755,,
2013001330,04/12/2015,1:30 PM,3:00 PM,Lower Bucks B1,William Penn Middle Scho,Game,Horsham B1,,,,,3767891,,
2013001285,04/12/2015,1:30 PM,3:00 PM,Perkiomen Valley A3,Perk Valley Middle Schoo,Game,Wissahickon A3,,,,,3767846,,
2013001300,04/12/2015,1:30 PM,3:00 PM,Warriors A3,Twin Oaks Day Camp Field,Game,Calvary A3,,,,,3767861,,
2013001630,04/12/2015,1:30 PM,3:00 PM,Council Rock B1,Newtown Elementary,Game,Spartan B1,,,,,3768159,,
2013001172,04/12/2015,1:30 PM,3:00 PM,Calvary A1,Calvary AA,Game,Perkiomen Valley A1,,,,,3767745,,
2013001214,04/12/2015,1:30 PM,3:00 PM,Deep Run A2,Deep Run,Game,North Penn A2,,,,,3767783,,
,04/12/2015,1:45 PM,3:15 PM,Springfield B2,Springfield - Church Rd,Game,Ashbee B2,,,,,3769593,,
,04/12/2015,1:45 PM,3:15 PM,Asbee B1,Lower Merion - Grass,Game,Springfield B1,,,,,3768903,,
2013001828,04/12/2015,2:00 PM,3:30 PM,Souderton B3,Souderton,Game,North Penn B3,,,,,3768576,,
,04/12/2015,2:45 PM,4:00 PM,Marple Newtown C2,EA Stadium Turf,Game,Aston C2,,,,,3771218,,
,04/12/2015,2:45 PM,4:15 PM,Haven B3,Haven - King Field Turf,Game,Ridley B3,,,,,3769812,,
2013001149,04/12/2015,2:45 PM,4:15 PM,Radnor B1A,Radnor Memorial Park,Game,Haverford B1A,,,,,3763178,,
,04/12/2015,2:45 PM,4:00 PM,Marple Newtown C,Episcopal Academy Turf,Game,Upper Merion C,,,,,3771109,,
,04/12/2015,2:45 PM,4:00 PM,Radnor C,Encke Field,Game,Springfield C1,,,,,3771107,,
,04/12/2015,2:45 PM,4:15 PM,Interboro B1,Interboro,Game,Ridley B1,,,,,3768901,,
,04/12/2015,2:45 PM,4:00 PM,Drexel Hill C2,Drexel Hill,Game,Conshohocken C2,,,,,3771220,,
2013001563,04/12/2015,3:00 PM,4:30 PM,CBAA A3,CBAA 1,Game,Lower Bucks Blue A3,,,,,3768092,,
2013001634,04/12/2015,3:00 PM,4:30 PM,Deep Run B1,Deep Run,Game,North Penn B1,,,,,3768163,,
2013001201,04/12/2015,3:00 PM,4:30 PM,Council Rock Blue A2,Newtown Elementary,Game,Souderton White A2,,,,,3767770,,
,04/12/2015,3:00 PM,4:30 PM,Ridley A1,Ridley Municipal Park,Game,Lower Bucks A1,,,,,3760515,,
2013001855,04/12/2015,3:00 PM,4:30 PM,Boyertown B2,Boyertown,Game,Wissahickon B2,,,,,3768607,,
2013001422,04/12/2015,3:00 PM,4:30 PM,Lower Bucks White B3,William Penn Middle Scho,Game,Horsham B3,,,,,3767970,,
,04/12/2015,3:30 PM,4:45 PM,Springfield C2,Springfield - Church Rd,Game,Ridley C2 Green,,,,,3771221,,
,04/12/2015,4:30 PM,5:45 PM,Haverford C,Haverford,Game,Haven C,,,,,3771111,,
,04/12/2015,4:30 PM,6:00 PM,Ridley A3,Ridley Municipal Park,Game,Springfield A3,,,,,3761665,,
2013001205,04/12/2015,4:30 PM,6:00 PM,Council Rock White A2,Newtown Elementary,Game,Souderton Red A2,,,,,3767774,,
2013001358,04/12/2015,4:30 PM,6:00 PM,Deep Run B2,Deep Run,Game,Souderton B2,,,,,3767915,,
,04/12/2015,4:30 PM,5:45 PM,Interboro Black C,Interboro,Game,Ashbee C,,,,,3771108,,
2013001843,04/12/2015,4:30 PM,6:00 PM,Boyertown A2,Boyertown,Game,Warriors A2,,,,,3768594,,
,04/18/2015,10:00 AM,11:30 AM,Aston A2,Aston (Pennell Field),Game,Interboro A2,,,,,3761639,,
,04/18/2015,10:00 AM,11:30 AM,Conshohocken A1,Conshohocken,Game,Warriors A1,,,,,3760520,,
,04/18/2015,10:00 AM,11:30 AM,Rose Tree A2,Rose Tree,Game,Drexel Hill A2,,,,,3761641,,
,04/18/2015,10:00 AM,11:30 AM,Ridley A1,Ridley Municipal Park,Game,Haven A1,,,,,3760521,,
,04/18/2015,10:00 AM,11:30 AM,UpperMerion A2,Heuser Field 1,Game,StJoes A2,,,,,3761640,,
,04/18/2015,10:00 AM,11:30 AM,Marple A1,Gauntlett Center,Game,Lower Bucks A1,,,,,3760518,,
2013001301,04/18/2015,10:00 AM,11:30 AM,Warriors A3,Twin Oaks Day Camp Field,Game,Upper Moreland A3,,,,,3767862,,
2013001291,04/18/2015,10:30 AM,12:00 PM,Spring-Ford A3,Brooke Elementary School,Game,Council Rock  A3,,,,,3767852,,
2013001271,04/18/2015,10:30 AM,12:00 PM,Lower Bucks Blue A3,William Penn Middle Scho,Game,North Penn A3,,,,,3767832,,
2013001119,04/18/2015,10:30 AM,12:00 PM,Springfield A1A,Springfield - Sabold,Game,Moorestown A1A,,,,,3750143,,
2013001382,04/18/2015,10:30 AM,12:00 PM,Wissahickon B2,Wissahickon,Game,Phoenixville B2,,,,,3767935,,
2013001845,04/18/2015,10:30 AM,12:00 PM,Boyertown A1,Boyertown,Game,Horsham A1,,,,,3768596,,
2013001126,04/18/2015,10:30 AM,1:00 PM,Boyertown B1A,Boyertown,Game,Spring-Ford B1A,,,,,3763155,,
2013001261,04/18/2015,10:30 AM,12:00 PM,Horsham A3,Cedar Hill Park,Game,Lansing A3,,,,,3767822,,
2013001145,04/18/2015,10:30 AM,12:00 PM,Perkiomen Valley B1A,Perk Valley MS west,Game,Wissahickon B1A,,,,,3763174,,
2013001180,04/18/2015,10:30 AM,12:00 PM,Deep Run A1,Deep Run,Game,Spartan A1,,,,,3767753,,
2013001100,04/18/2015,10:30 AM,12:00 PM,CBAA  A1A,CBAA 1,Game,Radnor A1A,,,,,3750124,,
2013001457,04/18/2015,10:30 AM,12:00 PM,Upper Moreland B3,Nathaniel Boileau Park,Game,CBAA B3,,,,,3768000,,
2013001397,04/18/2015,10:30 AM,12:00 PM,Council Rock B3,Newtown Elementary,Game,Souderton B3,,,,,3767945,,
2013001339,04/18/2015,11:00 AM,12:30 PM,Spartan B1,Spartan,Game,Lower Bucks B1,,,,,3767900,,
2013001427,04/18/2015,11:00 AM,12:30 PM,New Hope B3,Hardy Bush Fields,Game,Perkiomen Valley B3,,,,,3767975,,
2013001137,04/18/2015,11:00 AM,12:30 PM,Haverford B1A,Haverford High School,Game,Rose Tree B1A,,,,,3763166,,
,04/18/2015,11:45 AM,1:15 PM,Ridley A3,Ridley Municipal Park,Game,Radnor White A3,,,,,3761669,,
2013001412,04/18/2015,12:00 PM,1:30 PM,Lansing B3,Abraham Lincoln High Sch,Game,Wissahickon Gold B3,,,,,3767960,,
2013001225,04/18/2015,12:00 PM,1:30 PM,Phoenixville A2,PMYC Clubhouse Field,Game,Souderton White A2,,,,,3767794,,
2013001846,04/18/2015,12:00 PM,1:30 PM,Boyertown A2,Boyertown,Game,Council Rock White A2,,,,,3768597,,
2013001808,04/18/2015,12:00 PM,1:30 PM,CBAA A1,CBAA 1,Game,Perkiomen Valley A1,,,,,3770125,,
2013001323,04/18/2015,12:00 PM,1:30 PM,Deep Run B1,Deep Run,Game,Council Rock B1,,,,,3767884,,
2013001211,04/18/2015,12:00 PM,1:30 PM,Crooked Crosse A2,CCLC,Game,Souderton Red A2,,,,,3767780,,
2013001375,04/18/2015,12:00 PM,1:30 PM,Upper Moreland B2,Nathaniel Boileau Park,Game,CBAA B2,,,,,3767928,,
2013001219,04/18/2015,12:00 PM,1:30 PM,Lower Bucks A2,William Penn Middle Scho,Game,North Penn A2,,,,,3767788,,
,04/18/2015,12:00 PM,1:30 PM,Ashbee A1,Shipley Farms 1,Game,Wissahickon A1,,,,,3760519,,
2013001286,04/18/2015,12:00 PM,1:30 PM,Perkiomen Valley A3,Perk Valley Middle Schoo,Game,Lower Bucks White A3,,,,,3767847,,
2013001238,04/18/2015,12:00 PM,1:30 PM,Spring-Ford A2,Brooke Elementary School,Game,Council Rock Blue A2,,,,,3767799,,
,04/18/2015,12:15 PM,1:45 PM,Springfield A3,Springfield - Sabold,Game,Radnor Maroon A3,,,,,3761668,,
2013001447,04/18/2015,12:30 PM,2:00 PM,Spartan B3,Spartan,Game,Lower Bucks Blue B3,,,,,3767990,,
2013001094,04/18/2015,12:30 PM,2:00 PM,Haverford A1A,Haverford High School,Game,Council Rock A1A,,,,,3750118,,
2013001241,04/18/2015,1:00 PM,2:30 PM,Warriors A2,Twin Oaks Day Camp Field,Game,Deep Run A2,,,,,3767802,,
2013001764,04/18/2015,1:30 PM,3:00 PM,Spring-Ford B3,Brooke Elementary School,Game,Crooked Crosse B3,,,,,3768275,,
2013001735,04/18/2015,1:30 PM,3:00 PM,Lower Bucks White B3,William Penn Middle Scho,Game,North Penn B3,,,,,3768251,,
,04/18/2015,1:30 PM,3:00 PM,Ridley B1,Ridley Municipal Park,Game,Haven B1,,,,,3768904,,
2013001671,04/18/2015,1:30 PM,3:00 PM,Deep Run B2,Deep Run,Game,Council Rock B2,,,,,3768196,,
2013001847,04/18/2015,1:30 PM,3:00 PM,Boyertown B3,Boyertown,Game,Warriors White B3,,,,,3768598,,
,04/18/2015,1:45 PM,3:15 PM,Ashbee A3,Shipley Farms 1,Game,Marple Newtown A3,,,,,3761667,,
,04/18/2015,2:15 PM,3:45 PM,Haverford A3,Haverford High School,Game,Haven A3,,,,,3761670,,
2013001856,04/18/2015,3:00 PM,4:30 PM,Boyertown B2,Boyertown,Game,Warriors B2,,,,,3768608,,
,04/18/2015,3:15 PM,4:30 PM,Ridley C2 White,Ridley Municipal Park,Game,Marple Newtown C2,,,,,3771224,,
2013001557,04/18/2015,3:30 PM,5:00 PM,Calvary A3,Calvary AA,Game,Wissahickon A3,,,,,3768086,,
2013001162,04/19/2015,9:30 AM,11:00 AM,Spring-Ford B1A,Brooke Elementary,Game,Haverford B1A,,,,,3763191,,
2013001315,04/19/2015,10:30 AM,12:00 PM,CBAA B1,CBAA 2,Game,Horsham B1,,,,,3770140,,
2013001627,04/19/2015,10:30 AM,12:00 PM,CBAA B1,CBAA 2,Game,Horsham B1,,,,,3768156,,
2013001821,04/19/2015,10:30 AM,12:00 PM,CBAA B1,CBAA 2,Game,Horsham B1,,,,,3770141,,
2013001127,04/19/2015,10:30 AM,12:00 PM,Boyertown B1A,Boyertown,Game,Ashbee B1A,,,,,3763156,,
2013001076,04/19/2015,10:30 AM,12:00 PM,Council Rock A1A,Newtown Elementary,Game,Crooked Crosse A1A,,,,,3750106,,
2013001714,04/19/2015,11:00 AM,12:30 PM,Crooked Crosse B3,CCLC,Game,North Penn B3,,,,,3768230,,
2013001255,04/19/2015,12:00 PM,1:30 PM,Warriors A3,Newtown Elementary,Game,Council Rock  A3,,,,,3767816,,
2013001297,04/19/2015,12:00 PM,1:30 PM,Upper Moreland A3,Nathaniel Boileau Park,Game,Horsham A3,,,,,3767858,,
2013001165,04/19/2015,12:00 PM,1:30 PM,Wissahickon B1A,Wissahickon,Game,Springfield B1A,,,,,3763194,,
2013001142,04/19/2015,12:00 PM,1:30 PM,Moorestown B1A,Moorestown,Game,CBAA B1A,,,,,3770164,,
2013001725,04/19/2015,12:00 PM,1:30 PM,Lansing B3,Abraham Lincoln High Sch,Game,CBAA B3,,,,,3768241,,
2013001153,04/19/2015,12:00 PM,1:30 PM,Rose Tree B1A,Penncrest  HS Field 9,Game,Crooked Crosse B1A,,,,,3763182,,
2013001146,04/19/2015,12:00 PM,1:30 PM,Perkiomen Valley B1A,Perk Valley MS west,Game,Radnor B1A,,,,,3763175,,
2013001830,04/19/2015,12:00 PM,1:30 PM,Souderton B3,Souderton,Game,New Hope B3,,,,,3768578,,
2013001588,04/19/2015,12:00 PM,1:30 PM,Lower Bucks White A3,William Penn Middle Scho,Game,Spring-Ford A3,,,,,3768117,,
2013001242,04/19/2015,12:00 PM,1:30 PM,Warriors A2,Twin Oaks Day Camp Field,Game,Crooked Crosse A2,,,,,3767803,,
,04/19/2015,1:00 PM,2:30 PM,Ashbee B2,Lower Merion - Grass,Game,Ridley B2,,,,,3769597,,
,04/19/2015,1:00 PM,2:30 PM,Marple Newtown B1,Episcopal Academy Turf,Game,Interboro B1,,,,,3768905,,
2013001120,04/19/2015,1:00 PM,2:30 PM,Springfield A1A,Encke Field,Game,Radnor A1A,,,,,3750144,,
,04/19/2015,1:00 PM,2:30 PM,Radnor White B3,Prevost Field,Game,Haven B3,,,,,3769815,,
,04/19/2015,1:00 PM,2:15 PM,Haven C,Haven - King Field Turf,Game,Rose Tree C,,,,,3771114,,
,04/19/2015,1:00 PM,2:15 PM,Aston C2,Aston (Pennell Field),Game,Drexel Hill C2,,,,,3771222,,
,04/19/2015,1:00 PM,2:15 PM,Conshohocken C2,Conshohocken,Game,Upper Merion C2,,,,,3771223,,
,04/19/2015,1:00 PM,2:30 PM,Drexel Hill B2,Drexel Hill,Game,Radnor B2,,,,,3769598,,
,04/19/2015,1:00 PM,2:15 PM,Springfield C1,Springfield - Church Rd,Game,Marple Newtown C,,,,,3771112,,
2013001095,04/19/2015,1:00 PM,2:30 PM,Haverford A1A,Haverford,Game,Moorestown A1A,,,,,3750119,,
,04/19/2015,1:00 PM,2:30 PM,UpperMerion,Heuser Field 1,Game,Springfield B2,,,,,3769599,,
2013001770,04/19/2015,1:30 PM,3:00 PM,Upper Moreland B3,Nathaniel Boileau Park,Game,Horsham B3,,,,,3768281,,
2013001783,04/19/2015,1:30 PM,3:00 PM,Wissahickon Blue B3,Wissahickon,Game,Boyertown B3,,,,,3768294,,
2013001577,04/19/2015,1:30 PM,3:00 PM,Lansing A3,Abraham Lincoln High Sch,Game,CBAA A3,,,,,3768106,,
2013001680,04/19/2015,1:30 PM,3:00 PM,Phoenixville B2,PMYC Clubhouse Field,Game,Boyertown B2,,,,,3768205,,
2013001773,04/19/2015,1:30 PM,3:00 PM,Wariors Blue B3,Twin Oaks Day Camp Field,Game,Council Rock B3,,,,,3768284,,
2013001750,04/19/2015,1:30 PM,3:00 PM,Perkiomen Valley B3,Perk Valley Middle Schoo,Game,Lower Bucks White B3,,,,,3768266,,
2013001729,04/19/2015,1:30 PM,3:00 PM,Lower Bucks Blue B3,William Penn Middle Scho,Game,Spring-Ford B3,,,,,3768245,,
2013001829,04/19/2015,1:30 PM,3:00 PM,Souderton B2,Souderton,Game,Lansing B2,,,,,3768577,,
,04/19/2015,2:30 PM,3:45 PM,Haven C2,Haven - King Field Turf,Game,Springfield C2,,,,,3771225,,
,04/19/2015,2:45 PM,4:15 PM,Radnor Maroon B3,Prevost Field,Game,Rose Tree B3,,,,,3769816,,
,04/19/2015,2:45 PM,4:15 PM,Marple B3,Episcopal Academy Turf,Game,Haverford B3,,,,,3769817,,
,04/19/2015,2:45 PM,4:00 PM,Ashbee C,Lower Merion - Grass,Game,Haverford C,,,,,3771116,,
,04/19/2015,2:45 PM,4:00 PM,Upper Merion C,Heuser Field 1,Game,Interboro Black C,,,,,3771113,,
,04/19/2015,2:45 PM,4:15 PM,Radnor B1,Encke Field,Game,Asbee B1,,,,,3768906,,
,04/19/2015,2:45 PM,4:15 PM,Haverford B2,Haverford,Game,Conshohocken B1,,,,,3769600,,
,04/19/2015,3:00 PM,4:30 PM,Ridley B3,Ridley Municipal Park,Game,Aston B3,,,,,3769818,,
2013001636,04/19/2015,3:00 PM,4:30 PM,Deep Run B1,Deep Run,Game,Calvary B1,,,,,3768165,,
2013001788,04/19/2015,3:00 PM,4:30 PM,Wissahickon Gold B3,Wissahickon,Game,Spartan B3,,,,,3768299,,
2013001191,04/19/2015,3:00 PM,4:30 PM,Perkiomen Valley A1,Perk Valley Middle Schoo,Game,Boyertown A1,,,,,3767764,,
2013001643,04/19/2015,3:00 PM,4:30 PM,Lower Bucks B1,William Penn Middle Scho,Game,Warriors B1,,,,,3768172,,
2013001558,04/19/2015,3:30 PM,5:00 PM,Calvary A3,Calvary AA,Game,Perkiomen Valley A3,,,,,3768087,,
2013001695,04/19/2015,4:30 PM,6:00 PM,Wissahickon B2,Wissahickon,Game,Warriors B2,,,,,3768216,,
,04/19/2015,4:45 PM,6:00 PM,Ridley C,Ridley Municipal Park,Game,Radnor C,,,,,3771115,,
2013001574,04/25/2015,9:00 AM,10:30 AM,Horsham A3,Cedar Hill Park,Game,CBAA A3,,,,,3768103,,
2013001589,04/25/2015,9:00 AM,10:30 AM,Lower Bucks White A3,William Penn Middle Scho,Game,Council Rock  A3,,,,,3768118,,
2013001592,04/25/2015,9:00 AM,10:30 AM,North Penn A3,Pennbrook Middle School,Game,Wissahickon A3,,,,,3768121,,
2013001111,04/25/2015,9:00 AM,10:30 AM,Radnor A1A,Radnor High School,Game,Moorestown A1A,,,,,3750135,,
,04/25/2015,10:00 AM,11:30 AM,Lower Bucks A1,Middletown Comm Park,Game,Conshohocken A1,,,,,3760524,,
,04/25/2015,10:00 AM,11:30 AM,Wissahickon A1,Wissahickon,Game,Warriors A1,,,,,3760522,,
,04/25/2015,10:00 AM,11:30 AM,Drexel Hill A2,Drexel Hill,Game,Aston A2,,,,,3761644,,
,04/25/2015,10:00 AM,11:30 AM,Interboro A2,Interboro,Game,UpperMerion A2,,,,,3761643,,
,04/25/2015,10:00 AM,11:30 AM,Radnor A2,Rose Tree,Game,Rose Tree A2,,,,,3761642,,
,04/25/2015,10:00 AM,11:30 AM,Marple Newtown A3,Gauntlett Center,Game,Ridley A3,,,,,3761673,,
,04/25/2015,10:00 AM,11:30 AM,Haven A1,Haven - King Field Turf,Game,Marple A1,,,,,3760525,,
2013001302,04/25/2015,10:00 AM,11:30 AM,Warriors A3,Twin Oaks Day Camp Field,Game,Perkiomen Valley A3,,,,,3767863,,
2013001532,04/25/2015,10:30 AM,12:00 PM,Lower Bucks A2,William Penn Middle Scho,Game,Boyertown A2,,,,,3768069,,
2013001498,04/25/2015,10:30 AM,12:00 PM,North Penn A1,Pennbrook Middle School,Game,Boyertown A1,,,,,3768039,,
2013001495,04/25/2015,10:30 AM,12:00 PM,Horsham A1,Cedar Hill Park,Game,CBAA A1,,,,,3768036,,
2013001068,04/25/2015,10:30 AM,12:00 PM,Crooked Crosse A1A,CCLC,Game,CBAA  A1A,,,,,3750102,,
2013001206,04/25/2015,10:30 AM,12:00 PM,Council Rock White A2,Newtown Elementary,Game,Crooked Crosse A2,,,,,3767775,,
,04/25/2015,10:45 AM,12:15 PM,Radnor Maroon A3,Radnor Memorial Park,Game,Haverford A3,,,,,3761672,,
2013001610,04/25/2015,11:00 AM,12:30 PM,Upper Moreland A3,Nathaniel Boileau Park,Game,Lower Bucks Blue A3,,,,,3768139,,
2013001506,04/25/2015,11:30 AM,1:00 PM,Spartan A1,Spartan,Game,Perkiomen Valley A1,,,,,3768047,,
2013001555,04/25/2015,11:30 AM,1:00 PM,Warriors A2,Twin Oaks Day Camp Field,Game,Souderton Red A2,,,,,3768084,,
,04/25/2015,11:45 AM,1:15 PM,Haven A3,Haven - King Field Turf,Game,Ashbee A3,,,,,3761674,,
2013001538,04/25/2015,12:00 PM,1:30 PM,Phoenixville A2,PMYC Clubhouse Field,Game,Spring-Ford A2,,,,,3768075,,
2013001533,04/25/2015,12:00 PM,1:30 PM,North Penn A2,Pennbrook Middle School,Game,Souderton White A2,,,,,3768070,,
2013001514,04/25/2015,12:00 PM,1:30 PM,Council Rock Blue A2,Newtown Elementary,Game,Deep Run A2,,,,,3768051,,
2013001096,04/25/2015,12:30 PM,2:00 PM,Haverford A1A,Haverford,Game,Springfield A1A,,,,,3750120,,
,04/25/2015,12:30 PM,2:00 PM,Radnor White A3,Radnor Memorial Park,Game,Springfield A3,,,,,3761671,,
2013001173,04/25/2015,2:00 PM,3:30 PM,Calvary A1,Calvary AA,Game,Deep Run A1,,,,,3767746,,
2013001247,04/25/2015,3:30 PM,5:00 PM,Calvary A3,Calvary AA,Game,Lansing A3,,,,,3767808,,
2013001128,04/26/2015,10:30 AM,12:00 PM,Boyertown B1A,Boyertown,Game,Moorestown B1A,,,,,3763157,,
2013001652,04/26/2015,11:00 AM,12:30 PM,Spartan B1,Spartan,Game,CBAA B1,,,,,3768181,,
2013001072,04/26/2015,11:00 AM,12:30 PM,Crooked Crosse A1A,CCLC,Game,Council Rock A1A,,,,,3750104,,
2013001639,04/26/2015,12:00 PM,1:30 PM,Horsham B1,Cedar Hill Park,Game,Deep Run B1,,,,,3768168,,
2013001131,04/26/2015,12:00 PM,1:30 PM,CBAA B1A,CBAA 2,Game,Rose Tree B1A,,,,,3763160,,
2013001631,04/26/2015,12:00 PM,1:30 PM,Council Rock B1,Newtown Elementary,Game,Lower Bucks B1,,,,,3768160,,
2013001688,04/26/2015,12:00 PM,1:30 PM,Upper Moreland B2,Nathaniel Boileau Park,Game,Deep Run B2,,,,,3768209,,
2013001112,04/26/2015,12:00 PM,1:30 PM,Radnor A1A,Springfield - Church Rd,Game,Springfield A1A,,,,,3750136,,
2013001831,04/26/2015,12:00 PM,1:30 PM,Souderton B2,Souderton,Game,Boyertown B2,,,,,3768579,,
2013001675,04/26/2015,12:00 PM,1:30 PM,Lansing B2,Abraham Lincoln High Sch,Game,Wissahickon B2,,,,,3768200,,
2013001740,04/26/2015,12:00 PM,1:30 PM,New Hope B3,Hardy Bush Fields,Game,Spartan B3,,,,,3768256,,
2013001431,04/26/2015,12:00 PM,1:30 PM,North Penn B3,Pennbrook Middle School,Game,Boyertown B3,,,,,3767979,,
2013001779,04/26/2015,12:00 PM,1:30 PM,Warriors White B3,Twin Oaks Day Camp Field,Game,Wissahickon Gold B3,,,,,3768290,,
2013001134,04/26/2015,12:30 PM,2:00 PM,Crooked Crosse B1A,CCLC,Game,Springfield B1A,,,,,3763163,,
,04/26/2015,12:30 PM,1:45 PM,Haverford C,Haverford,Game,Upper Merion C,,,,,3771121,,
,04/26/2015,1:00 PM,2:15 PM,Upper Merion C2,Heuser Field 1,Game,Aston C2,,,,,3771226,,
,04/26/2015,1:00 PM,2:30 PM,Radnor B2,Encke Field,Game,Ashbee B2,,,,,3769601,,
,04/26/2015,1:00 PM,2:30 PM,Marple Newtown B2,Episcopal Academy Turf,Game,Haverford B2,,,,,3769602,,
,04/26/2015,1:00 PM,2:30 PM,Rose Tree B3,Rose Tree,Game,Ridley B3,,,,,3769820,,
,04/26/2015,1:00 PM,2:30 PM,Aston B3,Aston (Pennell Field),Game,Radnor White B3,,,,,3769822,,
,04/26/2015,1:00 PM,2:30 PM,Conshohocken B1,Conshohocken,Game,Drexel Hill B2,,,,,3769604,,
,04/26/2015,1:00 PM,2:15 PM,Drexel Hill C2,Drexel Hill,Game,Ridley C2 White,,,,,3771228,,
,04/26/2015,1:00 PM,2:15 PM,Interboro Black C,Interboro,Game,Springfield C1,,,,,3771117,,
,04/26/2015,1:00 PM,2:30 PM,Haven B1,Haven - King Field Turf,Game,Marple Newtown B1,,,,,3768908,,
2013001726,04/26/2015,1:30 PM,3:00 PM,Lansing B3,Abraham Lincoln High Sch,Game,Crooked Crosse B3,,,,,3768242,,
2013001719,04/26/2015,1:30 PM,3:00 PM,Horsham B3,Cedar Hill Park,Game,Perkiomen Valley B3,,,,,3768235,,
2013001774,04/26/2015,1:30 PM,3:00 PM,Wariors Blue B3,Twin Oaks Day Camp Field,Game,CBAA B3,,,,,3768285,,
2013001453,04/26/2015,1:30 PM,3:00 PM,Spring-Ford B3,Brooke Elementary School,Game,Upper Moreland B3,,,,,3767996,,
2013001710,04/26/2015,1:30 PM,3:00 PM,Council Rock B3,Newtown Elementary,Game,Lower Bucks Blue B3,,,,,3768226,,
,04/26/2015,1:45 PM,3:15 PM,Springfield B1,Springfield - Church Rd,Game,Radnor B1,,,,,3768907,,
,04/26/2015,1:45 PM,3:15 PM,Asbee B1,Lower Merion - Grass,Game,Ridley B1,,,,,3768909,,
,04/26/2015,2:15 PM,3:45 PM,Haverford B3,Haverford,Game,Radnor Maroon B3,,,,,3769819,,
,04/26/2015,2:45 PM,4:00 PM,Marple Newtown C,Episcopal Academy Turf,Game,Ridley C,,,,,3771120,,
2013001150,04/26/2015,2:45 PM,4:15 PM,Radnor B1A,Radnor Memorial Park,Game,Spring-Ford B1A,,,,,3763179,,
,04/26/2015,2:45 PM,4:00 PM,Rose Tree C,Rose Tree,Game,Radnor C,,,,,3771118,,
,04/26/2015,2:45 PM,4:15 PM,Haven B3,Haven - King Field Turf,Game,Marple B3,,,,,3769821,,
2013001355,04/26/2015,3:00 PM,4:30 PM,Council Rock B2,Newtown Elementary,Game,Phoenixville B2,,,,,3767912,,
,04/26/2015,3:00 PM,4:30 PM,Ridley B2,Ridley Municipal Park,Game,UpperMerion,,,,,3769603,,
,04/26/2015,3:30 PM,4:45 PM,Springfield C2,Springfield - Church Rd,Game,Conshohocken C2,,,,,3771229,,
,04/26/2015,3:30 PM,5:00 PM,Ashbee A1,Lower Merion - Grass,Game,Ridley A1,,,,,3760523,,
2013001646,04/26/2015,4:00 PM,5:30 PM,North Penn B1,Pennbrook Middle School,Game,Calvary B1,,,,,3768175,,
2013001138,04/26/2015,4:00 PM,5:30 PM,Haverford B1A,Haverford,Game,Perkiomen Valley B1A,,,,,3763167,,
,04/26/2015,4:15 PM,5:30 PM,Haven C,Haven - King Field Turf,Game,Ashbee C,,,,,3771119,,
,04/26/2015,4:45 PM,6:00 PM,Ridley C2 Green,Ridley Municipal Park,Game,Haven C2,,,,,3771227,,
2013001332,05/01/2015,7:30 PM,9:00 PM,Lower Bucks B1,William Penn Middle Scho,Game,North Penn B1,,,,,3767893,,
2013001672,05/02/2015,8:00 AM,9:30 AM,Deep Run B2,Deep Run,Game,Lansing B2,,,,,3768197,,
2013001668,05/02/2015,9:00 AM,10:30 AM,Council Rock B2,Newtown Elementary,Game,Wissahickon B2,,,,,3768193,,
2013001857,05/02/2015,9:00 AM,10:30 AM,Boyertown B2,Boyertown,Game,Upper Moreland B2,,,,,3768609,,
2013001599,05/02/2015,9:00 AM,10:30 AM,Perkiomen Valley A3,Perk Valley Middle Schoo,Game,Upper Moreland A3,,,,,3768128,,
2013001593,05/02/2015,9:00 AM,10:30 AM,North Penn A3,Pennbrook Middle School,Game,Horsham A3,,,,,3768122,,
,05/02/2015,9:30 AM,11:00 AM,Ashbee A3,Prevost Field,Game,Radnor Maroon A3,,,,,3761676,,
,05/02/2015,10:00 AM,11:30 AM,StJoes A2,St Joe - Mary St,Game,Interboro A2,,,,,3761645,,
,05/02/2015,10:00 AM,11:30 AM,Marple A1,Gauntlett Center,Game,Ashbee A1,,,,,3760527,,
,05/02/2015,10:00 AM,11:30 AM,Warriors A1,Twin Oaks Day Camp Field,Game,Lower Bucks A1,,,,,3760526,,
,05/02/2015,10:00 AM,11:30 AM,Drexel Hill B2,Drexel Hill,Game,Springfield B2,,,,,3769627,,
,05/02/2015,10:00 AM,11:30 AM,Aston A2,Aston (Pennell Field),Game,Radnor A2,,,,,3761646,,
,05/02/2015,10:00 AM,11:30 AM,Conshohocken A1,Conshohocken,Game,Haven A1,,,,,3760528,,
,05/02/2015,10:00 AM,11:30 AM,Ridley A1,Ridley Municipal Park,Game,Wissahickon A1,,,,,3760529,,
2013001507,05/02/2015,10:00 AM,11:30 AM,Spartan A1,Spartan,Game,Calvary A1,,,,,3768048,,
,05/02/2015,10:00 AM,11:30 AM,UpperMerion A2,Heuser Field 1,Game,Drexel Hill A2,,,,,3761647,,
2013001568,05/02/2015,10:30 AM,12:00 PM,Council Rock  A3,Newtown Elementary,Game,Calvary A3,,,,,3768097,,
2013001166,05/02/2015,10:30 AM,12:00 PM,Wissahickon B1A,Wissahickon,Game,Crooked Crosse B1A,,,,,3763195,,
2013001102,05/02/2015,10:30 AM,12:00 PM,Moorestown A1A,Moorestown,Game,Crooked Crosse A1A,,,,,3750126,,
2013001117,05/02/2015,10:30 AM,12:00 PM,Springfield A1A,Springfield - Sabold,Game,CBAA  A1A,,,,,3750141,,
2013001316,05/02/2015,10:30 AM,12:00 PM,CBAA B1,CBAA 2,Game,Lower Bucks B1,,,,,3770142,,
2013001628,05/02/2015,10:30 AM,12:00 PM,CBAA B1,CBAA 2,Game,Lower Bucks B1,,,,,3768157,,
2013001822,05/02/2015,10:30 AM,12:00 PM,CBAA B1,CBAA 2,Game,Lower Bucks B1,,,,,3770143,,
2013001848,05/02/2015,10:30 AM,12:00 PM,Boyertown A1,Boyertown,Game,CBAA A1,,,,,3768600,,
2013001499,05/02/2015,10:30 AM,12:00 PM,North Penn A1,Pennbrook Middle School,Game,Horsham A1,,,,,3768040,,
2013001504,05/02/2015,10:30 AM,12:00 PM,Perkiomen Valley A1,Perk Valley Middle Schoo,Game,Deep Run A1,,,,,3768045,,
2013001833,05/02/2015,10:30 AM,12:00 PM,Souderton White A2,Souderton,Game,Deep Run A2,,,,,3768581,,
,05/02/2015,11:00 AM,12:30 PM,Radnor White A3,Encke Field,Game,Marple Newtown A3,,,,,3761675,,
,05/02/2015,11:45 AM,1:15 PM,Marple Newtown B2,Gauntlett Center,Game,Radnor B2,,,,,3769626,,
,05/02/2015,11:45 AM,1:15 PM,Ridley A3,Ridley Municipal Park,Game,Haven A3,,,,,3761677,,
2013001524,05/02/2015,12:00 PM,1:30 PM,Crooked Crosse A2,CCLC,Game,Spring-Ford A2,,,,,3768061,,
2013001618,05/02/2015,12:00 PM,1:30 PM,Wissahickon A3,Wissahickon,Game,Lower Bucks White A3,,,,,3768147,,
2013001515,05/02/2015,12:00 PM,1:30 PM,Council Rock Blue A2,Newtown Elementary,Game,Boyertown A2,,,,,3768052,,
2013001578,05/02/2015,12:00 PM,1:30 PM,Lansing A3,Abraham Lincoln High Sch,Game,Spring-Ford A3,,,,,3768107,,
2013001832,05/02/2015,12:00 PM,1:30 PM,Souderton Red A2,Souderton,Game,Lower Bucks A2,,,,,3768580,,
2013001534,05/02/2015,12:00 PM,1:30 PM,North Penn A2,Pennbrook Middle School,Game,Phoenixville A2,,,,,3768071,,
,05/02/2015,12:15 PM,1:45 PM,Springfield A3,Springfield - Sabold,Game,Haverford A3,,,,,3761678,,
,05/02/2015,12:30 PM,2:00 PM,Haverford B2,Haverford,Game,Ridley B2,,,,,3769628,,
2013001809,05/02/2015,1:30 PM,3:00 PM,CBAA A3,CBAA 1,Game,Warriors A3,,,,,3770133,,
2013001207,05/02/2015,1:30 PM,3:00 PM,Council Rock White A2,Newtown Elementary,Game,Warriors A2,,,,,3767776,,
,05/02/2015,1:45 PM,3:15 PM,Ashbee B2,Shipley Farms 1,Game,UpperMerion,,,,,3769625,,
2013001311,05/02/2015,2:00 PM,3:30 PM,Calvary B1,Calvary AA,Game,Horsham B1,,,,,3767872,,
2013001088,05/02/2015,3:00 PM,4:30 PM,Council Rock A1A,Newtown Elementary,Game,Radnor A1A,,,,,3750110,,
,05/02/2015,3:00 PM,4:30 PM,Ridley B1,Ridley Municipal Park,Game,Springfield B1,,,,,3768911,,
2013001351,05/02/2015,3:00 PM,4:30 PM,CBAA B2,CBAA 2,Game,Warriors B2,,,,,3767908,,
2013001632,05/02/2015,4:30 PM,6:00 PM,Council Rock B1,Newtown Elementary,Game,Warriors B1,,,,,3768161,,
2013001154,05/03/2015,12:00 PM,1:30 PM,Rose Tree B1A,Penncrest  HS Field 9,Game,Perkiomen Valley B1A,,,,,3763183,,
2013001849,05/03/2015,12:00 PM,1:30 PM,Boyertown A2,Boyertown,Game,Souderton White A2,,,,,3768601,,
2013001640,05/03/2015,12:00 PM,1:30 PM,Horsham B1,Cedar Hill Park,Game,Spartan B1,,,,,3768169,,
2013001163,05/03/2015,12:00 PM,1:30 PM,Spring-Ford B1A,Brooke Elementary,Game,Moorestown B1A,,,,,3763192,,
2013001508,05/03/2015,12:00 PM,1:30 PM,Spartan A1,Spartan,Game,CBAA A1,,,,,3768049,,
,05/03/2015,12:00 PM,1:30 PM,Marple Newtown B1,Gauntlett Center,Game,Asbee B1,,,,,3768912,,
2013001075,05/03/2015,12:00 PM,1:30 PM,CBAA  A1A,CBAA 1,Game,Crooked Crosse A1A,,,,,3750105,,
2013001771,05/03/2015,12:00 PM,1:30 PM,Upper Moreland B3,Nathaniel Boileau Park,Game,Wariors Blue B3,,,,,3768282,,
2013001633,05/03/2015,12:00 PM,1:30 PM,Council Rock B1,Newtown Elementary,Game,CBAA B1,,,,,3768162,,
2013001784,05/03/2015,12:00 PM,1:30 PM,Wissahickon Blue B3,Wissahickon,Game,Warriors White B3,,,,,3768295,,
2013001681,05/03/2015,12:00 PM,1:30 PM,Phoenixville B2,PMYC Clubhouse Field,Game,Lansing B2,,,,,3768206,,
2013001736,05/03/2015,12:00 PM,1:30 PM,Lower Bucks White B3,William Penn Middle Scho,Game,New Hope B3,,,,,3768252,,
2013001594,05/03/2015,12:00 PM,1:30 PM,North Penn A3,Pennbrook Middle School,Game,Calvary A3,,,,,3768123,,
2013001615,05/03/2015,12:00 PM,1:30 PM,Warriors A3,Twin Oaks Day Camp Field,Game,Lower Bucks Blue A3,,,,,3768144,,
2013001124,05/03/2015,12:00 PM,1:30 PM,Ashbee B1A,Lower Merion - Grass,Game,CBAA B1A,,,,,3763153,,
2013001135,05/03/2015,12:30 PM,2:00 PM,Crooked Crosse B1A,CCLC,Game,Radnor B1A,,,,,3763164,,
,05/03/2015,1:00 PM,2:30 PM,Radnor Maroon B3,Encke Field,Game,Ridley B3,,,,,3769826,,
2013001118,05/03/2015,1:00 PM,2:30 PM,Springfield A1A,Springfield - Church Rd,Game,Haverford A1A,,,,,3750142,,
,05/03/2015,1:00 PM,2:30 PM,Haverford B3,Haverford,Game,Haven B3,,,,,3769823,,
,05/03/2015,1:00 PM,2:15 PM,Conshohocken C2,Conshohocken,Game,Ridley C2 Green,,,,,3771231,,
,05/03/2015,1:00 PM,2:30 PM,Drexel Hill B2,Drexel Hill,Game,Marple Newtown B2,,,,,3769606,,
,05/03/2015,1:00 PM,2:30 PM,Interboro B1,Interboro,Game,Haven B1,,,,,3768910,,
2013001101,05/03/2015,1:00 PM,2:30 PM,Moorestown A1A,Moorestown,Game,Council Rock A1A,,,,,3750125,,
,05/03/2015,1:00 PM,2:15 PM,Aston C2,Aston (Pennell Field),Game,Springfield C2,,,,,3771233,,
,05/03/2015,1:00 PM,2:30 PM,UpperMerion,Heuser Field 1,Game,Radnor B2,,,,,3769607,,
,05/03/2015,1:00 PM,2:30 PM,Ashbee B2,Prevost Field,Game,Conshohocken B1,,,,,3769608,,
2013001705,05/03/2015,1:30 PM,3:00 PM,CBAA B3,CBAA 2,Game,Council Rock B3,,,,,3768221,,
2013001850,05/03/2015,1:30 PM,3:00 PM,Boyertown B3,Boyertown,Game,Perkiomen Valley B3,,,,,3768602,,
2013001408,05/03/2015,1:30 PM,3:00 PM,Horsham B3,Cedar Hill Park,Game,Spartan B3,,,,,3767956,,
2013001654,05/03/2015,1:30 PM,3:00 PM,Warriors B1,Twin Oaks Day Camp Field,Game,Deep Run B1,,,,,3768183,,
2013001500,05/03/2015,1:30 PM,3:00 PM,North Penn A1,Pennbrook Middle School,Game,Calvary A1,,,,,3768041,,
2013001418,05/03/2015,1:30 PM,3:00 PM,Lower Bucks Blue B3,William Penn Middle Scho,Game,Souderton B3,,,,,3767966,,
2013001696,05/03/2015,1:30 PM,3:00 PM,Wissahickon B2,Wissahickon,Game,CBAA B2,,,,,3768217,,
,05/03/2015,1:45 PM,3:00 PM,Ashbee C,Lower Merion - Grass,Game,Rose Tree C,,,,,3771122,,
,05/03/2015,1:45 PM,3:15 PM,Marple B3,Gauntlett Center,Game,Aston B3,,,,,3769825,,
,05/03/2015,2:45 PM,4:15 PM,Radnor White B3,Encke Field,Game,Rose Tree B3,,,,,3769824,,
,05/03/2015,2:45 PM,4:00 PM,Radnor C,Prevost Field,Game,Marple Newtown C,,,,,3771123,,
,05/03/2015,2:45 PM,4:00 PM,Upper Merion C,Heuser Field 1,Game,Haven C,,,,,3771124,,
2013001158,05/03/2015,2:45 PM,4:15 PM,Springfield B1A,Springfield - Church Rd,Game,Boyertown B1A,,,,,3763187,,
2013001139,05/03/2015,3:00 PM,4:30 PM,Haverford B1A,Haverford,Game,Wissahickon B1A,,,,,3763168,,
,05/03/2015,3:00 PM,4:15 PM,Ridley C,Ridley Municipal Park,Game,Interboro Black C,,,,,3771125,,
2013001575,05/03/2015,3:00 PM,4:30 PM,Horsham A3,Cedar Hill Park,Game,Lower Bucks White A3,,,,,3768104,,
2013001858,05/03/2015,3:00 PM,4:30 PM,Boyertown B2,Boyertown,Game,Council Rock B2,,,,,3768610,,
2013001691,05/03/2015,3:00 PM,4:30 PM,Warriors B2,Twin Oaks Day Camp Field,Game,Deep Run B2,,,,,3768212,,
,05/03/2015,3:15 PM,4:30 PM,Marple Newtown C2,Gauntlett Center,Game,Drexel Hill C2,,,,,3771230,,
,05/03/2015,4:30 PM,6:00 PM,Springfield B2,Springfield - Church Rd,Game,Ridley B2,,,,,3769605,,
,05/03/2015,4:30 PM,5:45 PM,Ridley C2 White,Ridley Municipal Park,Game,Upper Merion C2,,,,,3771232,,
,05/03/2015,6:00 PM,7:15 PM,Springfield C1,Springfield - Church Rd,Game,Haverford C,,,,,3771126,,
2013001655,05/08/2015,6:30 PM,8:00 PM,Warriors B1,Twin Oaks Day Camp Field,Game,North Penn B1,,,,,3768184,,
2013001706,05/09/2015,9:00 AM,10:30 AM,CBAA B3,CBAA 1,Game,Lower Bucks Blue B3,,,,,3768222,,
,05/09/2015,9:00 AM,10:30 AM,Radnor A2,Radnor Memorial Park,Game,UpperMerion A2,,,,,3761649,,
,05/09/2015,9:30 AM,11:00 AM,Radnor Maroon A3,Encke Field,Game,Ridley A3,,,,,3761680,,
,05/09/2015,9:30 AM,11:00 AM,Radnor B1,Ditmar Front Fie,Game,Interboro B1,,,,,3768921,,
,05/09/2015,10:00 AM,11:30 AM,UpperMerion,Heuser Field 1,Game,Drexel Hill B2,,,,,3769623,,
,05/09/2015,10:00 AM,11:30 AM,Springfield B1,Springfield - Sabold,Game,Haven B1,,,,,3768920,,
,05/09/2015,10:00 AM,11:30 AM,Marple Newtown A3,Gauntlett Center,Game,Springfield A3,,,,,3761681,,
,05/09/2015,10:00 AM,11:30 AM,Haven A1,Haven - King Field Turf,Game,Warriors A1,,,,,3760530,,
,05/09/2015,10:00 AM,11:30 AM,Rose Tree A2,Rose Tree,Game,Aston A2,,,,,3761650,,
,05/09/2015,10:00 AM,11:30 AM,Ridley A1,Ridley Municipal Park,Game,Marple A1,,,,,3760533,,
,05/09/2015,10:00 AM,11:30 AM,Drexel Hill A2,Drexel Hill,Game,StJoes A2,,,,,3761648,,
,05/09/2015,10:00 AM,11:30 AM,Wissahickon A1,Wissahickon,Game,Lower Bucks A1,,,,,3760532,,
2013001380,05/09/2015,10:00 AM,11:30 AM,Warriors B2,Twin Oaks Day Camp Field,Game,Phoenixville B2,,,,,3767933,,
2013001604,05/09/2015,10:30 AM,12:00 PM,Spring-Ford A3,Brooke Elementary School,Game,CBAA A3,,,,,3768133,,
2013001645,05/09/2015,10:30 AM,12:00 PM,Lower Bucks B1,William Penn Middle Scho,Game,Deep Run B1,,,,,3768174,,
2013001619,05/09/2015,10:30 AM,12:00 PM,Wissahickon A3,Wissahickon,Game,Lower Bucks Blue A3,,,,,3768148,,
2013001083,05/09/2015,10:30 AM,12:00 PM,CBAA  A1A,CBAA 1,Game,Moorestown A1A,,,,,3750108,,
2013001108,05/09/2015,10:30 AM,12:00 PM,Council Rock A1A,Newtown Elementary,Game,Springfield A1A,,,,,3750132,,
2013001496,05/09/2015,10:30 AM,12:00 PM,Horsham A1,Cedar Hill Park,Game,Calvary A1,,,,,3768037,,
2013001147,05/09/2015,10:30 AM,12:00 PM,Perkiomen Valley B1A,Perk Valley MS west,Game,CBAA B1A,,,,,3763176,,
2013001836,05/09/2015,10:30 AM,12:00 PM,Souderton B3,Souderton,Game,Spring-Ford B3,,,,,3768584,,
2013001851,05/09/2015,10:30 AM,12:00 PM,Boyertown A1,Boyertown,Game,Spartan A1,,,,,3768603,,
2013001579,05/09/2015,10:30 AM,12:00 PM,Lansing A3,Abraham Lincoln High Sch,Game,Lower Bucks White A3,,,,,3768108,,
2013001151,05/09/2015,10:45 AM,12:15 PM,Radnor B1A,Radnor Memorial Park,Game,Springfield B1A,,,,,3763180,,
2013001760,05/09/2015,11:00 AM,12:30 PM,Spartan B3,Spartan,Game,Wissahickon Blue B3,,,,,3768271,,
,05/09/2015,11:15 AM,12:45 PM,Radnor B2,Ditmar Front Fie,Game,Conshohocken B1,,,,,3769622,,
2013001656,05/09/2015,11:30 AM,1:00 PM,Warriors B1,Twin Oaks Day Camp Field,Game,CBAA B1,,,,,3768185,,
,05/09/2015,11:45 AM,1:15 PM,Springfield B2,Springfield - Sabold,Game,Haverford B2,,,,,3769621,,
,05/09/2015,11:45 AM,1:15 PM,Haven A3,Haven - King Field Turf,Game,Radnor White A3,,,,,3761679,,
,05/09/2015,11:45 AM,1:15 PM,Ridley B1,Ridley Municipal Park,Game,Marple Newtown B1,,,,,3768919,,
2013001527,05/09/2015,12:00 PM,1:30 PM,Deep Run A2,Deep Run,Game,Lower Bucks A2,,,,,3768064,,
2013001377,05/09/2015,12:00 PM,1:30 PM,Upper Moreland B2,Nathaniel Boileau Park,Game,Wissahickon B2,,,,,3767930,,
2013001477,05/09/2015,12:00 PM,1:30 PM,Wissahickon Gold B3,Wissahickon,Game,Wariors Blue B3,,,,,3768020,,
2013001489,05/09/2015,12:00 PM,1:30 PM,CBAA A1,CBAA 1,Game,North Penn A1,,,,,3768030,,
2013001576,05/09/2015,12:00 PM,1:30 PM,Horsham A3,Cedar Hill Park,Game,Calvary A3,,,,,3768105,,
2013001852,05/09/2015,12:00 PM,1:30 PM,Boyertown A2,Boyertown,Game,Phoenixville A2,,,,,3768604,,
,05/09/2015,12:00 PM,1:30 PM,Haverford A3,Haverford Reserve Grass,Game,Ashbee A3,,,,,3761682,,
2013001834,05/09/2015,12:00 PM,1:30 PM,Souderton Red A2,Souderton,Game,Council Rock Blue A2,,,,,3768582,,
,05/09/2015,12:00 PM,1:30 PM,Ashbee A1,Shipley Farms 1,Game,Conshohocken A1,,,,,3760531,,
2013001741,05/09/2015,12:00 PM,1:30 PM,New Hope B3,Hardy Bush Fields,Game,Upper Moreland B3,,,,,3768257,,
2013001239,05/09/2015,12:00 PM,1:30 PM,Spring-Ford A2,Brooke Elementary School,Game,Council Rock White A2,,,,,3767800,,
2013001535,05/09/2015,12:00 PM,1:30 PM,North Penn A2,Pennbrook Middle School,Game,Warriors A2,,,,,3768072,,
2013001600,05/09/2015,12:00 PM,1:30 PM,Perkiomen Valley A3,Perk Valley Middle Schoo,Game,Council Rock  A3,,,,,3768129,,
2013001140,05/09/2015,12:30 PM,2:00 PM,Haverford B1A,Haverford,Game,Ashbee B1A,,,,,3763169,,
2013001409,05/09/2015,1:30 PM,3:00 PM,Horsham B3,Cedar Hill Park,Game,Warriors White B3,,,,,3767957,,
2013001835,05/09/2015,1:30 PM,3:00 PM,Souderton White A2,Souderton,Game,Crooked Crosse A2,,,,,3768583,,
2013001664,05/09/2015,1:30 PM,3:00 PM,CBAA B2,CBAA 1,Game,Lansing B2,,,,,3768189,,
2013001403,05/09/2015,1:30 PM,3:00 PM,Crooked Crosse B3,CCLC,Game,Boyertown B3,,,,,3767951,,
2013001715,05/09/2015,1:30 PM,3:00 PM,Crooked Crosse B3,CCLC,Game,Boyertown B3,,,,,3768231,,
,05/09/2015,1:30 PM,3:00 PM,Ridley B2,Ridley Municipal Park,Game,Marple Newtown B2,,,,,3769624,,
2013001283,05/09/2015,1:30 PM,3:00 PM,North Penn A3,Pennbrook Middle School,Game,Warriors A3,,,,,3767844,,
2013001624,05/09/2015,2:00 PM,3:30 PM,Calvary B1,Calvary AA,Game,Council Rock B1,,,,,3768153,,
2013001109,05/09/2015,3:00 PM,4:30 PM,Radnor A1A,Encke Field,Game,Crooked Crosse A1A,,,,,3750133,,
2013001669,05/09/2015,4:30 PM,6:00 PM,Council Rock B2,Newtown Elementary,Game,Souderton B2,,,,,3768194,,
2013001665,05/10/2015,10:30 AM,12:00 PM,CBAA B2,CBAA 1,Game,Deep Run B2,,,,,3768190,,
2013001516,05/10/2015,12:00 PM,1:30 PM,Council Rock Blue A2,Newtown Elementary,Game,Lower Bucks A2,,,,,3768053,,
2013001317,05/10/2015,12:00 PM,1:30 PM,CBAA B1,CBAA 1,Game,Deep Run B1,,,,,3767878,,
2013001629,05/10/2015,12:00 PM,1:30 PM,CBAA B1,CBAA 1,Game,Deep Run B1,,,,,3770138,,
2013001814,05/10/2015,12:00 PM,1:30 PM,CBAA B1,CBAA 1,Game,Deep Run B1,,,,,3770139,,
2013001493,05/10/2015,12:00 PM,1:30 PM,Deep Run A1,Deep Run,Game,CBAA A1,,,,,3768034,,
2013001716,05/10/2015,12:00 PM,1:30 PM,Crooked Crosse B3,CCLC,Game,Lower Bucks White B3,,,,,3768232,,
2013001159,05/10/2015,12:00 PM,1:30 PM,Springfield B1A,Springfield - Church Rd,Game,Spring-Ford B1A,,,,,3763188,,
2013001653,05/10/2015,12:00 PM,1:30 PM,Spartan B1,Spartan,Game,Calvary B1,,,,,3768182,,
,05/10/2015,12:00 PM,1:30 PM,Marple A1,Episcopal Academy Turf,Game,Conshohocken A1,,,,,3760539,,
2013001415,05/10/2015,12:00 PM,1:30 PM,Lansing B3,Abraham Lincoln High Sch,Game,Wissahickon Blue B3,,,,,3767963,,
2013001539,05/10/2015,12:00 PM,1:30 PM,Phoenixville A2,PMYC Clubhouse Field,Game,Deep Run A2,,,,,3768076,,
2013001148,05/10/2015,12:00 PM,1:30 PM,Perkiomen Valley B1A,Perk Valley MS west,Game,Ashbee B1A,,,,,3763177,,
2013001838,05/10/2015,12:00 PM,1:30 PM,Souderton B3,Souderton,Game,CBAA B3,,,,,3768586,,
2013001278,05/10/2015,12:00 PM,1:30 PM,Lower Bucks White A3,William Penn Middle Scho,Game,Upper Moreland A3,,,,,3767839,,
2013001430,05/10/2015,12:00 PM,1:30 PM,New Hope B3,Hardy Bush Fields,Game,Horsham B3,,,,,3767978,,
2013001432,05/10/2015,12:00 PM,1:30 PM,North Penn B3,Pennbrook Middle School,Game,Council Rock B3,,,,,3767980,,
2013001552,05/10/2015,12:00 PM,1:30 PM,Spring-Ford A2,Brooke Elementary School,Game,Souderton Red A2,,,,,3768081,,
,05/10/2015,1:00 PM,2:30 PM,Warriors A1,Twin Oaks Day Camp Field,Game,Ridley A1,,,,,3760541,,
,05/10/2015,1:00 PM,2:30 PM,Asbee B1,Lower Merion - Grass,Game,Interboro B1,,,,,3768913,,
,05/10/2015,1:00 PM,2:30 PM,Haven A3,Haven - King Field Turf,Game,Springfield A3,,,,,3761687,,
,05/10/2015,1:00 PM,2:30 PM,Radnor A2,Radnor Memorial Park,Game,Interboro A2,,,,,3761655,,
,05/10/2015,1:00 PM,2:30 PM,Radnor B2,Prevost Field,Game,Springfield B2,,,,,3769610,,
,05/10/2015,1:00 PM,2:15 PM,Interboro Black C,Interboro,Game,Radnor C,,,,,3771128,,
,05/10/2015,1:00 PM,2:30 PM,Rose Tree A2,Rose Tree,Game,StJoes A2,,,,,3761656,,
,05/10/2015,1:00 PM,2:30 PM,Haverford A3,Haverford,Game,Radnor White A3,,,,,3761690,,
,05/10/2015,1:00 PM,2:15 PM,Upper Merion C2,Heuser Field 1,Game,Marple Newtown C2,,,,,3771235,,
,05/10/2015,1:00 PM,2:30 PM,Lower Bucks A1,Middletown Comm Park,Game,Ashbee A1,,,,,3760540,,
,05/10/2015,1:00 PM,2:30 PM,Conshohocken B1,Conshohocken,Game,UpperMerion,,,,,3769612,,
2013001103,05/10/2015,1:00 PM,2:30 PM,Moorestown A1A,Moorestown,Game,Haverford A1A,,,,,3770163,,
,05/10/2015,1:00 PM,2:30 PM,Aston A2,Aston (Pennell Field),Game,UpperMerion A2,,,,,3761654,,
2013001143,05/10/2015,1:30 PM,3:00 PM,Moorestown B1A,Moorestown,Game,Crooked Crosse B1A,,,,,3763172,,
2013001167,05/10/2015,1:30 PM,3:00 PM,Wissahickon B1A,Wissahickon,Game,Rose Tree B1A,,,,,3763196,,
2013001067,05/10/2015,1:30 PM,3:00 PM,Council Rock A1A,Newtown Elementary,Game,CBAA  A1A,,,,,3750101,,
2013001132,05/10/2015,1:30 PM,3:00 PM,CBAA B1A,CBAA 1,Game,Haverford B1A,,,,,3763161,,
2013001761,05/10/2015,1:30 PM,3:00 PM,Spartan B3,Spartan,Game,Perkiomen Valley B3,,,,,3768272,,
,05/10/2015,1:30 PM,3:00 PM,Marple Newtown B2,Episcopal Academy Turf,Game,Ashbee B2,,,,,3769611,,
2013001676,05/10/2015,1:30 PM,3:00 PM,Lansing B2,Abraham Lincoln High Sch,Game,Upper Moreland B2,,,,,3768201,,
2013001837,05/10/2015,1:30 PM,3:00 PM,Souderton B2,Souderton,Game,Phoenixville B2,,,,,3768585,,
2013001766,05/10/2015,1:30 PM,3:00 PM,Spring-Ford B3,Brooke Elementary School,Game,Wissahickon Gold B3,,,,,3768277,,
2013001647,05/10/2015,1:30 PM,3:00 PM,North Penn B1,Pennbrook Middle School,Game,Council Rock B1,,,,,3768176,,
2013001584,05/10/2015,1:30 PM,3:00 PM,Lower Bucks Blue A3,William Penn Middle Scho,Game,Spring-Ford A3,,,,,3768113,,
,05/10/2015,1:45 PM,3:15 PM,Springfield B1,Springfield - Church Rd,Game,Marple Newtown B1,,,,,3768914,,
,05/10/2015,1:45 PM,3:15 PM,Radnor B1,Encke Field,Game,Ridley B1,,,,,3768915,,
,05/10/2015,2:30 PM,4:00 PM,Ashbee A3,Lower Merion - Grass,Game,Ridley A3,,,,,3761688,,
,05/10/2015,2:45 PM,4:00 PM,Ashbee C,Lower Merion - Grass,Game,Upper Merion C,,,,,3771127,,
,05/10/2015,2:45 PM,4:15 PM,Haven B3,Haven - King Field Turf,Game,Radnor Maroon B3,,,,,3769829,,
,05/10/2015,2:45 PM,4:15 PM,Haverford B2,Haverford,Game,Drexel Hill B2,,,,,3769609,,
,05/10/2015,2:45 PM,4:15 PM,Rose Tree B3,Rose Tree,Game,Marple B3,,,,,3769828,,
,05/10/2015,2:45 PM,4:15 PM,Aston B3,Aston (Pennell Field),Game,Haverford B3,,,,,3769827,,
2013001565,05/10/2015,3:00 PM,4:30 PM,CBAA A3,CBAA 1,Game,Wissahickon A3,,,,,3768094,,
,05/10/2015,3:00 PM,4:30 PM,Wissahickon A1,Wissahickon,Game,Haven A1,,,,,3760538,,
2013001257,05/10/2015,3:00 PM,4:30 PM,Council Rock  A3,Newtown Elementary,Game,Lansing A3,,,,,3767818,,
,05/10/2015,3:00 PM,4:30 PM,Ridley B3,Ridley Municipal Park,Game,Radnor White B3,,,,,3769830,,
,05/10/2015,3:00 PM,4:30 PM,Radnor Maroon A3,Radnor Memorial Park,Game,Marple Newtown A3,,,,,3761689,,
2013001152,05/10/2015,3:30 PM,5:00 PM,Radnor B1A,Encke Field,Game,Boyertown B1A,,,,,3763181,,
,05/10/2015,3:30 PM,4:45 PM,Springfield C2,Springfield - Church Rd,Game,Ridley C2 White,,,,,3771237,,
,05/10/2015,4:15 PM,5:30 PM,Haven C,Haven - King Field Turf,Game,Springfield C1,,,,,3771129,,
,05/10/2015,4:30 PM,5:45 PM,Rose Tree C,Rose Tree,Game,Marple Newtown C,,,,,3771131,,
,05/10/2015,4:30 PM,5:45 PM,Haverford C,Haverford,Game,Ridley C,,,,,3771130,,
,05/10/2015,4:45 PM,6:00 PM,Ridley C2 Green,Ridley Municipal Park,Game,Aston C2,,,,,3771236,,
,05/10/2015,5:45 PM,7:00 PM,Haven C2,Haven - King Field Turf,Game,Conshohocken C2,,,,,3771234,,
2013001556,05/16/2015,9:00 AM,10:30 AM,Warriors A2,Twin Oaks Day Camp Field,Game,Spring-Ford A2,,,,,3768085,,
2013001224,05/16/2015,9:00 AM,10:30 AM,North Penn A2,Pennbrook Middle School,Game,Crooked Crosse A2,,,,,3767793,,
2013001268,05/16/2015,9:30 AM,11:00 AM,Lansing A3,Abraham Lincoln High Sch,Game,Upper Moreland A3,,,,,3767829,,
2013001455,05/16/2015,9:30 AM,11:00 AM,Spring-Ford B3,Brooke Elementary School,Game,Lower Bucks White B3,,,,,3767998,,
,05/16/2015,10:00 AM,11:30 AM,Lower Bucks A1,Middletown Comm Park,Game,Haven A1,,,,,3760536,,
,05/16/2015,10:00 AM,11:30 AM,Conshohocken A1,Conshohocken,Game,Ridley A1,,,,,3760537,,
,05/16/2015,10:00 AM,11:30 AM,Interboro A2,Interboro,Game,Drexel Hill A2,,,,,3761652,,
,05/16/2015,10:00 AM,11:30 AM,Ridley A3,Ridley Municipal Park,Game,Haverford A3,,,,,3761686,,
,05/16/2015,10:00 AM,11:30 AM,UpperMerion A2,Heuser Field 1,Game,Rose Tree A2,,,,,3761653,,
,05/16/2015,10:00 AM,11:30 AM,StJoes A2,St Joe - Mary St,Game,Radnor A2,,,,,3761651,,
,05/16/2015,10:00 AM,11:30 AM,Radnor White A3,Encke Field,Game,Radnor Maroon A3,,,,,3761683,,
,05/16/2015,10:00 AM,11:30 AM,Springfield A3,Springfield - Sabold,Game,Ashbee A3,,,,,3761684,,
,05/16/2015,10:00 AM,11:30 AM,Marple A1,Gauntlett Center,Game,Wissahickon A1,,,,,3760535,,
2013001304,05/16/2015,10:00 AM,11:30 AM,Warriors A3,Twin Oaks Day Camp Field,Game,Spring-Ford A3,,,,,3767865,,
2013001596,05/16/2015,10:30 AM,12:00 PM,North Penn A3,Pennbrook Middle School,Game,Perkiomen Valley A3,,,,,3768125,,
2013001853,05/16/2015,10:30 AM,12:00 PM,Boyertown B3,Boyertown,Game,Upper Moreland B3,,,,,3768605,,
2013001497,05/16/2015,10:30 AM,12:00 PM,Horsham A1,Cedar Hill Park,Game,Deep Run A1,,,,,3768038,,
2013001079,05/16/2015,10:30 AM,12:00 PM,Crooked Crosse A1A,CCLC,Game,Haverford A1A,,,,,3750107,,
2013001620,05/16/2015,10:30 AM,12:00 PM,Wissahickon A3,Wissahickon,Game,Council Rock  A3,,,,,3768149,,
2013001673,05/16/2015,10:30 AM,12:00 PM,Deep Run B2,Deep Run,Game,Boyertown B2,,,,,3768198,,
2013001677,05/16/2015,11:00 AM,12:30 PM,Lansing B2,Abraham Lincoln High Sch,Game,Council Rock B2,,,,,3768202,,
,05/16/2015,11:30 AM,1:00 PM,Warriors A1,Twin Oaks Day Camp Field,Game,Ashbee A1,,,,,3760534,,
,05/16/2015,11:45 AM,1:15 PM,Marple Newtown A3,Gauntlett Center,Game,Haven A3,,,,,3761685,,
,05/16/2015,11:45 AM,1:00 PM,Ridley C2 White,Ridley Municipal Park,Game,Ridley C2 Green,,,,,3771240,,
2013001136,05/16/2015,12:00 PM,1:30 PM,Crooked Crosse B1A,CCLC,Game,Boyertown B1A,,,,,3763165,,
2013001637,05/16/2015,12:00 PM,1:30 PM,Deep Run B1,Deep Run,Game,Spartan B1,,,,,3768166,,
2013001399,05/16/2015,12:00 PM,1:30 PM,Council Rock B3,Newtown Elementary,Game,Lansing B3,,,,,3767947,,
2013001697,05/16/2015,12:00 PM,1:30 PM,Wissahickon B2,Wissahickon,Game,Souderton B2,,,,,3768218,,
2013001228,05/16/2015,12:00 PM,1:30 PM,Phoenixville A2,PMYC Clubhouse Field,Game,Council Rock Blue A2,,,,,3767797,,
2013001840,05/16/2015,12:00 PM,1:30 PM,Souderton White A2,Souderton,Game,Lower Bucks A2,,,,,3768588,,
2013001501,05/16/2015,12:00 PM,1:30 PM,North Penn A1,Pennbrook Middle School,Game,Perkiomen Valley A1,,,,,3768042,,
2013001155,05/16/2015,12:00 PM,1:30 PM,Rose Tree B1A,Penncrest  HS Field 9,Game,Moorestown B1A,,,,,3763184,,
2013001585,05/16/2015,12:00 PM,1:30 PM,Lower Bucks Blue A3,William Penn Middle Scho,Game,Horsham A3,,,,,3768114,,
2013001780,05/16/2015,1:00 PM,2:30 PM,Warriors White B3,Twin Oaks Day Camp Field,Game,Perkiomen Valley B3,,,,,3768291,,
2013001785,05/16/2015,1:30 PM,3:00 PM,Wissahickon Blue B3,Wissahickon,Game,Wariors Blue B3,,,,,3768296,,
2013001745,05/16/2015,1:30 PM,3:00 PM,North Penn B3,Pennbrook Middle School,Game,Horsham B3,,,,,3768261,,
2013001839,05/16/2015,1:30 PM,3:00 PM,Souderton Red A2,Souderton,Game,Boyertown A2,,,,,3768587,,
2013001528,05/16/2015,1:30 PM,3:00 PM,Deep Run A2,Deep Run,Game,Council Rock White A2,,,,,3768065,,
2013001717,05/16/2015,1:30 PM,3:00 PM,Crooked Crosse B3,CCLC,Game,Spartan B3,,,,,3768233,,
2013001560,05/16/2015,2:00 PM,3:30 PM,Calvary A3,Calvary AA,Game,Lower Bucks White A3,,,,,3768089,,
2013001693,05/16/2015,2:30 PM,4:00 PM,Warriors B2,Twin Oaks Day Camp Field,Game,Upper Moreland B2,,,,,3768214,,
2013001790,05/16/2015,3:00 PM,4:30 PM,Wissahickon Gold B3,Wissahickon,Game,New Hope B3,,,,,3768301,,
2013001648,05/16/2015,3:00 PM,4:30 PM,North Penn B1,Pennbrook Middle School,Game,Horsham B1,,,,,3768177,,
2013001486,05/16/2015,3:30 PM,5:00 PM,Calvary A1,Calvary AA,Game,Boyertown A1,,,,,3768027,,
2013001657,05/17/2015,12:00 PM,1:30 PM,Warriors B1,Twin Oaks Day Camp Field,Game,Spartan B1,,,,,3768186,,
2013001746,05/17/2015,12:00 PM,1:30 PM,North Penn B3,Pennbrook Middle School,Game,CBAA B3,,,,,3768262,,
2013001841,05/17/2015,12:00 PM,1:30 PM,Souderton B2,Souderton,Game,CBAA B2,,,,,3768589,,
2013001156,05/17/2015,12:00 PM,1:30 PM,Rose Tree B1A,Penncrest  HS Field 9,Game,Radnor B1A,,,,,3763185,,
,05/17/2015,12:00 PM,1:30 PM,Marple Newtown B1,Gauntlett Center,Game,Radnor B1,,,,,3768918,,
2013001164,05/17/2015,12:00 PM,1:30 PM,Spring-Ford B1A,Brooke Elementary,Game,Perkiomen Valley B1A,,,,,3763193,,
2013001641,05/17/2015,12:00 PM,1:30 PM,Horsham B1,Cedar Hill Park,Game,Council Rock B1,,,,,3768170,,
2013001791,05/17/2015,12:00 PM,1:30 PM,Wissahickon Gold B3,Wissahickon,Game,Souderton B3,,,,,3768302,,
2013001625,05/17/2015,12:00 PM,1:30 PM,Calvary B1,Calvary AA,Game,Lower Bucks B1,,,,,3768154,,
2013001712,05/17/2015,12:00 PM,1:30 PM,Council Rock B3,Newtown Elementary,Game,Crooked Crosse B3,,,,,3768228,,
2013001160,05/17/2015,12:00 PM,1:30 PM,Springfield B1A,Springfield - Church Rd,Game,Haverford B1A,,,,,3763189,,
,05/17/2015,12:15 PM,1:45 PM,Haverford B3,Haverford,Game,Rose Tree B3,,,,,3769831,,
,05/17/2015,1:00 PM,2:30 PM,UpperMerion,Heuser Field 1,Game,Marple Newtown B2,,,,,3769615,,
,05/17/2015,1:00 PM,2:30 PM,Radnor Maroon B3,Encke Field,Game,Radnor White B3,,,,,3769832,,
,05/17/2015,1:00 PM,2:30 PM,Interboro B1,Interboro,Game,Springfield B1,,,,,3768916,,
,05/17/2015,1:00 PM,2:15 PM,Aston C2,Aston (Pennell Field),Game,Haven C2,,,,,3771238,,
,05/17/2015,1:00 PM,2:15 PM,Marple Newtown C,Marple Newtown,Game,Interboro Black C,,,,,3771136,,
,05/17/2015,1:00 PM,2:15 PM,Drexel Hill C2,Drexel Hill,Game,Upper Merion C2,,,,,3771241,,
2013001104,05/17/2015,1:00 PM,2:30 PM,Moorestown A1A,Moorestown,Game,Radnor A1A,,,,,3750128,,
,05/17/2015,1:00 PM,2:30 PM,Haven B1,Haven - King Field Turf,Game,Asbee B1,,,,,3768917,,
,05/17/2015,1:00 PM,2:30 PM,Ashbee B2,Lower Merion - Grass,Game,Haverford B2,,,,,3769613,,
2013001601,05/17/2015,1:30 PM,3:00 PM,Perkiomen Valley A3,Perk Valley Middle Schoo,Game,Lower Bucks Blue A3,,,,,3768130,,
2013001337,05/17/2015,1:30 PM,3:00 PM,North Penn B1,Pennbrook Middle School,Game,CBAA B1,,,,,3767898,,
2013001775,05/17/2015,1:30 PM,3:00 PM,Wariors Blue B3,Twin Oaks Day Camp Field,Game,Lower Bucks White B3,,,,,3768286,,
2013001168,05/17/2015,1:30 PM,3:00 PM,Wissahickon B1A,Wissahickon,Game,CBAA B1A,,,,,3763197,,
2013001561,05/17/2015,1:30 PM,3:00 PM,Calvary A3,Calvary AA,Game,CBAA A3,,,,,3768090,,
2013001520,05/17/2015,1:30 PM,3:00 PM,Council Rock White A2,Newtown Elementary,Game,North Penn A2,,,,,3768057,,
,05/17/2015,1:45 PM,3:15 PM,Springfield B2,Springfield - Church Rd,Game,Conshohocken B1,,,,,3769614,,
2013001093,05/17/2015,1:45 PM,3:15 PM,Haverford A1A,Haverford,Game,CBAA  A1A,,,,,3750117,,
,05/17/2015,1:45 PM,3:15 PM,Marple B3,Gauntlett Center,Game,Ridley B3,,,,,3769834,,
2013001144,05/17/2015,2:30 PM,4:00 PM,Moorestown B1A,Moorestown,Game,Ashbee B1A,,,,,3763173,,
,05/17/2015,2:45 PM,4:00 PM,Marple Newtown C2,Marple Newtown,Game,Springfield C2,,,,,3771239,,
,05/17/2015,2:45 PM,4:00 PM,Radnor C,Encke Field,Game,Haverford C,,,,,3771133,,
,05/17/2015,2:45 PM,4:00 PM,Upper Merion C,Heuser Field 1,Game,Rose Tree C,,,,,3771135,,
,05/17/2015,2:45 PM,4:15 PM,Haven B3,Haven - King Field Turf,Game,Aston B3,,,,,3769833,,
2013001781,05/17/2015,3:00 PM,4:30 PM,Warriors White B3,Twin Oaks Day Camp Field,Game,Lansing B3,,,,,3768292,,
2013001751,05/17/2015,3:00 PM,4:30 PM,Perkiomen Valley B3,Perk Valley Middle Schoo,Game,Lower Bucks Blue B3,,,,,3768267,,
,05/17/2015,3:00 PM,4:30 PM,Ridley B2,Ridley Municipal Park,Game,Radnor B2,,,,,3769616,,
2013001786,05/17/2015,3:00 PM,4:30 PM,Wissahickon Blue B3,Wissahickon,Game,Spring-Ford B3,,,,,3768297,,
2013001570,05/17/2015,3:00 PM,4:30 PM,Council Rock  A3,Newtown Elementary,Game,North Penn A3,,,,,3768099,,
,05/17/2015,3:30 PM,4:45 PM,Springfield C1,Springfield - Church Rd,Game,Ashbee C,,,,,3771132,,
,05/17/2015,4:45 PM,6:00 PM,Ridley C,Ridley Municipal Park,Game,Haven C,,,,,3771134,,
2013001611,05/30/2015,10:30 AM,12:00 PM,Upper Moreland A3,Nathaniel Boileau Park,Game,Wissahickon A3,,,,,3768140,,
2013001571,05/30/2015,10:30 AM,12:00 PM,Council Rock  A3,Newtown Elementary,Game,Horsham A3,,,,,3768100,,
2013001816,05/30/2015,10:30 AM,12:00 PM,CBAA A3,CBAA 1,Game,North Penn A3,,,,,3770129,,
2013001854,05/30/2015,10:30 AM,12:00 PM,Boyertown B3,Boyertown,Game,Spring-Ford B3,,,,,3770121,,
2013001581,05/30/2015,10:30 AM,12:00 PM,Lansing A3,Abraham Lincoln High Sch,Game,Warriors A3,,,,,3768110,,
2013001605,05/30/2015,10:30 AM,12:00 PM,Spring-Ford A3,Brooke Elementary School,Game,Perkiomen Valley A3,,,,,3768134,,
2013001842,05/30/2015,10:30 AM,12:00 PM,Souderton B3,Souderton,Game,Lansing B3,,,,,3768590,,
2013001731,05/30/2015,10:30 AM,12:00 PM,Lower Bucks Blue B3,William Penn Middle Scho,Game,New Hope B3,,,,,3768247,,
2013001274,05/30/2015,12:00 PM,1:30 PM,Lower Bucks Blue A3,William Penn Middle Scho,Game,Calvary A3,,,,,3767835,,
2013001707,05/30/2015,12:00 PM,1:30 PM,CBAA B3,CBAA 2,Game,Crooked Crosse B3,,,,,3768223,,
2013001440,05/30/2015,1:30 PM,3:00 PM,Perkiomen Valley B3,Perk Valley Middle Schoo,Game,Council Rock B3,,,,,3767988,,
2013001752,05/30/2015,1:30 PM,3:00 PM,Perkiomen Valley B3,Perk Valley Middle Schoo,Game,Council Rock B3,,,,,3768268,,
2013001464,05/30/2015,1:30 PM,3:00 PM,Wariors Blue B3,Twin Oaks Day Camp Field,Game,North Penn B3,,,,,3768007,,
2013001787,05/30/2015,1:30 PM,3:00 PM,Wissahickon Blue B3,Wissahickon,Game,Lower Bucks White B3,,,,,3768298,,
2013001792,05/30/2015,3:00 PM,4:30 PM,Wissahickon Gold B3,Wissahickon,Game,Horsham B3,,,,,3768303,,
2013001782,05/30/2015,3:00 PM,4:30 PM,Warriors White B3,Twin Oaks Day Camp Field,Game,Upper Moreland B3,,,,,3768293,,
2013001606,05/31/2015,12:00 PM,1:30 PM,Spring-Ford A3,Brooke Elementary School,Game,Upper Moreland A3,,,,,3768135,,
2013001777,05/31/2015,12:00 PM,1:30 PM,Wariors Blue B3,Twin Oaks Day Camp Field,Game,Crooked Crosse B3,,,,,3768288,,
2013001747,05/31/2015,12:00 PM,1:30 PM,North Penn B3,Pennbrook Middle School,Game,Wissahickon Gold B3,,,,,3768263,,
2013001722,05/31/2015,12:00 PM,1:30 PM,Horsham B3,Cedar Hill Park,Game,Souderton B3,,,,,3768238,,
2013001762,05/31/2015,12:00 PM,1:30 PM,Spartan B3,Spartan,Game,Warriors White B3,,,,,3768273,,
2013001621,05/31/2015,12:00 PM,1:30 PM,Wissahickon A3,Wissahickon,Game,Lansing A3,,,,,3768150,,
2013001772,05/31/2015,12:00 PM,1:30 PM,Upper Moreland B3,Nathaniel Boileau Park,Game,Lansing B3,,,,,3768283,,
2013001591,05/31/2015,12:00 PM,1:30 PM,Lower Bucks White A3,William Penn Middle Scho,Game,CBAA A3,,,,,3768120,,
,05/31/2015,1:00 PM,2:30 PM,Drexel Hill B2,Drexel Hill,Game,Ashbee B2,,,,,3769619,,
,05/31/2015,1:00 PM,2:30 PM,Conshohocken B1,Conshohocken,Game,Ridley B2,,,,,3769620,,
,05/31/2015,1:00 PM,2:30 PM,Aston B3,Aston (Pennell Field),Game,Radnor Maroon B3,,,,,3769835,,
,05/31/2015,1:00 PM,2:30 PM,Rose Tree B3,Rose Tree,Game,Haven B3,,,,,3769837,,
,05/31/2015,1:00 PM,2:15 PM,Springfield C2,Springfield - Church Rd,Game,Drexel Hill C2,,,,,3771245,,
,05/31/2015,1:00 PM,2:30 PM,Haverford B2,Haverford,Game,UpperMerion,,,,,3769617,,
,05/31/2015,1:00 PM,2:30 PM,Radnor White B3,Encke Field,Game,Marple B3,,,,,3769836,,
,05/31/2015,1:00 PM,2:15 PM,Upper Merion C,Heuser Field 1,Game,Springfield C1,,,,,3771140,,
,05/31/2015,1:00 PM,2:15 PM,Haven C,Haven - King Field Turf,Game,Radnor C,,,,,3771138,,
,05/31/2015,1:00 PM,2:30 PM,Marple Newtown B2,Episcopal Academy Turf,Game,Springfield B2,,,,,3769618,,
,05/31/2015,1:00 PM,2:15 PM,Ashbee C,Lower Merion - Grass,Game,Ridley C,,,,,3771137,,
2013001737,05/31/2015,1:30 PM,3:00 PM,Lower Bucks White B3,William Penn Middle Scho,Game,Boyertown B3,,,,,3768253,,
,05/31/2015,2:30 PM,3:45 PM,Haven C2,Haven - King Field Turf,Game,Ridley C2 White,,,,,3771242,,
,05/31/2015,2:45 PM,4:00 PM,Haverford C,Haverford,Game,Marple Newtown C,,,,,3771141,,
,05/31/2015,2:45 PM,4:00 PM,Rose Tree C,Rose Tree,Game,Interboro Black C,,,,,3771139,,
,05/31/2015,2:45 PM,4:00 PM,Conshohocken C2,Conshohocken,Game,Aston C2,,,,,3771244,,
,05/31/2015,3:00 PM,4:30 PM,Ridley B3,Ridley Municipal Park,Game,Haverford B3,,,,,3769838,,
2013001732,05/31/2015,3:00 PM,4:30 PM,Lower Bucks Blue B3,William Penn Middle Scho,Game,Wissahickon Blue B3,,,,,3768248,,
,05/31/2015,4:45 PM,6:00 PM,Ridley C2 Green,Ridley Municipal Park,Game,Marple Newtown C2,,,,,3771243,,
,06/06/2015,10:00 AM,11:30 AM,Warriors A1,Twin Oaks Day Camp Field,Game,Marple A1,,,,,3760543,,
,06/06/2015,10:00 AM,11:30 AM,Lower Bucks A1,Middletown Comm Park,Game,Ridley A1,,,,,3760544,,
,06/06/2015,10:00 AM,11:30 AM,Conshohocken A1,Conshohocken,Game,Wissahickon A1,,,,,3760545,,
,06/06/2015,12:00 PM,1:30 PM,Haven A1,Shipley Farms 1,Game,Ashbee A1,,,,,3760542,,
,06/07/2015,1:00 PM,2:15 PM,Marple Newtown C,Episcopal Academy Turf,Game,Haven C,,,,,3771146,,
,06/07/2015,1:00 PM,2:15 PM,Drexel Hill C2,Drexel Hill,Game,Ridley C2 Green,,,,,3771249,,
,06/07/2015,1:00 PM,2:15 PM,Interboro Black C,Interboro,Game,Haverford C,,,,,3771144,,
,06/07/2015,1:00 PM,2:15 PM,Upper Merion C2,Heuser Field 1,Game,Springfield C2,,,,,3771247,,
,06/07/2015,1:00 PM,2:15 PM,Radnor C,Encke Field,Game,Ashbee C,,,,,3771142,,
,06/07/2015,1:00 PM,2:15 PM,Springfield C1,Springfield - Church Rd,Game,Rose Tree C,,,,,3771143,,
,06/07/2015,2:30 PM,3:45 PM,Marple Newtown C2,Episcopal Academy Turf,Game,Haven C2,,,,,3771246,,
,06/07/2015,3:00 PM,4:15 PM,Ridley C,Ridley Municipal Park,Game,Upper Merion C,,,,,3771145,,
,06/07/2015,4:30 PM,5:45 PM,Ridley C2 White,Ridley Municipal Park,Game,Conshohocken C2,,,,,3771248,,
