Game Number,1
Start Time,08:50:00
Field,Field #1

Bracket: BOYS U13B,Division: BOYS U13B
Pool: 2,Pool: 2
Home: SOUTH PARKLAND,Away Team: VIPER 6
Score:,Score:
Sportsmanship (Circle one):  1  2  3  4  5,Sportsmanship (Circle one): 1 2 3 4 5
Comments,Comments
,

Game Number,2
Start Time,08:50:00
Field,Field #2

Bracket: BOYS U13B,Division: BOYS U13B
Pool: 1,Pool: 1
Home: ASHBEE ORANGE,Away Team: PA ROUGHRIDERS 2022 
Score:,Score:
Sportsmanship (Circle one):  1  2  3  4  5,Sportsmanship (Circle one): 1 2 3 4 5
Comments,Comments
,

Game Number,3
Start Time,08:50:00
Field,Field #3

Bracket: BOYS U13B,Division: BOYS U13B
Pool: 2,Pool: 2
Home: COUGAR ELITE WHITE,Away Team: RADNOR LC
Score:,Score:
Sportsmanship (Circle one):  1  2  3  4  5,Sportsmanship (Circle one): 1 2 3 4 5
Comments,Comments
,

Game Number,4
Start Time,08:50:00
Field,Field #4

Bracket: BOYS U13B,Division: BOYS U13B
Pool: 1,Pool: 1
Home: GREAT VALLEY PATRIOTS,Away Team: HEMPFIELD
Score:,Score:
Sportsmanship (Circle one):  1  2  3  4  5,Sportsmanship (Circle one): 1 2 3 4 5
Comments,Comments
,

Game Number,5
Start Time,08:50:00
Field,Field #5

Bracket: BOYS U13B,Division: BOYS U13B
Pool: 4,Pool: 4
Home: BYC U13B-2,Away Team: PHILADELPHIA FREEDOM 2021 WHITE
Score:,Score:
Sportsmanship (Circle one):  1  2  3  4  5,Sportsmanship (Circle one): 1 2 3 4 5
Comments,Comments
,

Game Number,6
Start Time,08:50:00
Field,Field #6

Bracket: BOYS U13B,Division: BOYS U13B
Pool: 3,Pool: 3
Home: CYLAX GARNET B,Away Team: MARPLE NEWTOWN TIGERS I
Score:,Score:
Sportsmanship (Circle one):  1  2  3  4  5,Sportsmanship (Circle one): 1 2 3 4 5
Comments,Comments
,

Game Number,7
Start Time,08:50:00
Field,Field #7

Bracket: BOYS U13B,Division: BOYS U13B
Pool: 4,Pool: 4
Home: CYLAX GRAY C,Away Team: UNIONVILLE INDIANS
Score:,Score:
Sportsmanship (Circle one):  1  2  3  4  5,Sportsmanship (Circle one): 1 2 3 4 5
Comments,Comments
,

Game Number,8
Start Time,08:50:00
Field,Field #8

Bracket: BOYS U13B,Division: BOYS U13B
Pool: 3,Pool: 3
Home: BLAZE U-13,Away Team: RIDGE FUTURES GREEN
Score:,Score:
Sportsmanship (Circle one):  1  2  3  4  5,Sportsmanship (Circle one): 1 2 3 4 5
Comments,Comments
,

Game Number,10
Start Time,09:40:00
Field,Field #2

Bracket: BOYS CLUB 2021/22A,Division: BOYS CLUB 2021/22A
Pool: 1,Pool: 1
Home: COUGAR ELITE  BLUE,Away Team: STARS & STRIPES 2022 BLUE
Score:,Score:
Sportsmanship (Circle one):  1  2  3  4  5,Sportsmanship (Circle one): 1 2 3 4 5
Comments,Comments
,

Game Number,11
Start Time,09:40:00
Field,Field #3

Bracket: BOYS CLUB 2021/22A,Division: BOYS CLUB 2021/22A
Pool: 1,Pool: 1
Home: MD WOLFPACK 2021,Away Team: PA ROUGHRIDERS 2021 SELECT
Score:,Score:
Sportsmanship (Circle one):  1  2  3  4  5,Sportsmanship (Circle one): 1 2 3 4 5
Comments,Comments
,

Game Number,12
Start Time,09:40:00
Field,Field #4

Bracket: BOYS U13A,Division: BOYS U13A
Pool: 2,Pool: 2
Home: BULLDOGS,Away Team: PA ROUGHRIDERS 2020 SELECT
Score:,Score:
Sportsmanship (Circle one):  1  2  3  4  5,Sportsmanship (Circle one): 1 2 3 4 5
Comments,Comments
,

Game Number,13
Start Time,09:40:00
Field,Field #5

Bracket: BOYS U13A,Division: BOYS U13A
Pool: 1,Pool: 1
Home: LEHIGH VALLEY OUTLAWS,Away Team: RIDLEY U13
Score:,Score:
Sportsmanship (Circle one):  1  2  3  4  5,Sportsmanship (Circle one): 1 2 3 4 5
Comments,Comments
,

Game Number,14
Start Time,09:40:00
Field,Field #6

Bracket: BOYS U13A,Division: BOYS U13A
Pool: 2,Pool: 2
Home: BYC 13A SKULSKI,Away Team: MT. LEBANON U13A
Score:,Score:
Sportsmanship (Circle one):  1  2  3  4  5,Sportsmanship (Circle one): 1 2 3 4 5
Comments,Comments
,

Game Number,15
Start Time,09:40:00
Field,Field #7

Bracket: BOYS U13A,Division: BOYS U13A
Pool: 1,Pool: 1
Home: COUGAR ELITE,Away Team: KENNETT BLUE DEMONS U13A
Score:,Score:
Sportsmanship (Circle one):  1  2  3  4  5,Sportsmanship (Circle one): 1 2 3 4 5
Comments,Comments
,

Game Number,17
Start Time,10:30:00
Field,Field #1

Bracket: BOYS U13B,Division: BOYS U13B
Pool: 2,Pool: 2
Home: RADNOR LC,Away Team: SOUTH PARKLAND
Score:,Score:
Sportsmanship (Circle one):  1  2  3  4  5,Sportsmanship (Circle one): 1 2 3 4 5
Comments,Comments
,

Game Number,18
Start Time,10:30:00
Field,Field #2

Bracket: BOYS U13B,Division: BOYS U13B
Pool: 1,Pool: 1
Home: GREAT VALLEY PATRIOTS,Away Team: PA ROUGHRIDERS 2022 
Score:,Score:
Sportsmanship (Circle one):  1  2  3  4  5,Sportsmanship (Circle one): 1 2 3 4 5
Comments,Comments
,

Game Number,19
Start Time,10:30:00
Field,Field #3

Bracket: BOYS U13B,Division: BOYS U13B
Pool: 2,Pool: 2
Home: COUGAR ELITE WHITE,Away Team: VIPER 6
Score:,Score:
Sportsmanship (Circle one):  1  2  3  4  5,Sportsmanship (Circle one): 1 2 3 4 5
Comments,Comments
,

Game Number,20
Start Time,10:30:00
Field,Field #4

Bracket: BOYS U13B,Division: BOYS U13B
Pool: 1,Pool: 1
Home: ASHBEE ORANGE,Away Team: HEMPFIELD
Score:,Score:
Sportsmanship (Circle one):  1  2  3  4  5,Sportsmanship (Circle one): 1 2 3 4 5
Comments,Comments
,

Game Number,21
Start Time,10:30:00
Field,Field #5

Bracket: BOYS U13B,Division: BOYS U13B
Pool: 4,Pool: 4
Home: PHILADELPHIA FREEDOM 2021 WHITE,Away Team: UNIONVILLE INDIANS
Score:,Score:
Sportsmanship (Circle one):  1  2  3  4  5,Sportsmanship (Circle one): 1 2 3 4 5
Comments,Comments
,

Game Number,22
Start Time,10:30:00
Field,Field #6

Bracket: BOYS U13B,Division: BOYS U13B
Pool: 3,Pool: 3
Home: MARPLE NEWTOWN TIGERS I,Away Team: RIDGE FUTURES GREEN
Score:,Score:
Sportsmanship (Circle one):  1  2  3  4  5,Sportsmanship (Circle one): 1 2 3 4 5
Comments,Comments
,

Game Number,23
Start Time,10:30:00
Field,Field #7

Bracket: BOYS U13B,Division: BOYS U13B
Pool: 4,Pool: 4
Home: BYC U13B-2,Away Team: CYLAX GRAY C
Score:,Score:
Sportsmanship (Circle one):  1  2  3  4  5,Sportsmanship (Circle one): 1 2 3 4 5
Comments,Comments
,

Game Number,24
Start Time,10:30:00
Field,Field #8

Bracket: BOYS U13B,Division: BOYS U13B
Pool: 3,Pool: 3
Home: BLAZE U-13,Away Team: CYLAX GARNET B
Score:,Score:
Sportsmanship (Circle one):  1  2  3  4  5,Sportsmanship (Circle one): 1 2 3 4 5
Comments,Comments
,

Game Number,27
Start Time,11:20:00
Field,Field #3

Bracket: BOYS CLUB 2021/22A,Division: BOYS CLUB 2021/22A
Pool: 1,Pool: 1
Home: COUGAR ELITE  BLUE,Away Team: PA ROUGHRIDERS 2021 SELECT
Score:,Score:
Sportsmanship (Circle one):  1  2  3  4  5,Sportsmanship (Circle one): 1 2 3 4 5
Comments,Comments
,

Game Number,28
Start Time,11:20:00
Field,Field #4

Bracket: BOYS CLUB 2021/22A,Division: BOYS CLUB 2021/22A
Pool: 1,Pool: 1
Home: MD WOLFPACK 2021,Away Team: STARS & STRIPES 2022 BLUE
Score:,Score:
Sportsmanship (Circle one):  1  2  3  4  5,Sportsmanship (Circle one): 1 2 3 4 5
Comments,Comments
,

Game Number,29
Start Time,11:20:00
Field,Field #5

Bracket: BOYS U13A,Division: BOYS U13A
Pool: 2,Pool: 2
Home: BYC 13A SKULSKI,Away Team: PA ROUGHRIDERS 2020 SELECT
Score:,Score:
Sportsmanship (Circle one):  1  2  3  4  5,Sportsmanship (Circle one): 1 2 3 4 5
Comments,Comments
,

Game Number,30
Start Time,11:20:00
Field,Field #6

Bracket: BOYS U13A,Division: BOYS U13A
Pool: 1,Pool: 1
Home: KENNETT BLUE DEMONS U13A,Away Team: RIDLEY U13
Score:,Score:
Sportsmanship (Circle one):  1  2  3  4  5,Sportsmanship (Circle one): 1 2 3 4 5
Comments,Comments
,

Game Number,31
Start Time,11:20:00
Field,Field #7

Bracket: BOYS U13A,Division: BOYS U13A
Pool: 2,Pool: 2
Home: BULLDOGS,Away Team: MT. LEBANON U13A
Score:,Score:
Sportsmanship (Circle one):  1  2  3  4  5,Sportsmanship (Circle one): 1 2 3 4 5
Comments,Comments
,

Game Number,32
Start Time,11:20:00
Field,Field #8

Bracket: BOYS U13A,Division: BOYS U13A
Pool: 1,Pool: 1
Home: COUGAR ELITE,Away Team: LEHIGH VALLEY OUTLAWS
Score:,Score:
Sportsmanship (Circle one):  1  2  3  4  5,Sportsmanship (Circle one): 1 2 3 4 5
Comments,Comments
,

Game Number,33
Start Time,12:10:00
Field,Field #1

Bracket: BOYS U13B,Division: BOYS U13B
Pool: 2,Pool: 2
Home: COUGAR ELITE WHITE,Away Team: SOUTH PARKLAND
Score:,Score:
Sportsmanship (Circle one):  1  2  3  4  5,Sportsmanship (Circle one): 1 2 3 4 5
Comments,Comments
,

Game Number,34
Start Time,12:10:00
Field,Field #2

Bracket: BOYS U13B,Division: BOYS U13B
Pool: 1,Pool: 1
Home: ASHBEE ORANGE,Away Team: GREAT VALLEY PATRIOTS
Score:,Score:
Sportsmanship (Circle one):  1  2  3  4  5,Sportsmanship (Circle one): 1 2 3 4 5
Comments,Comments
,

Game Number,35
Start Time,12:10:00
Field,Field #3

Bracket: BOYS U13B,Division: BOYS U13B
Pool: 2,Pool: 2
Home: RADNOR LC,Away Team: VIPER 6
Score:,Score:
Sportsmanship (Circle one):  1  2  3  4  5,Sportsmanship (Circle one): 1 2 3 4 5
Comments,Comments
,

Game Number,36
Start Time,12:10:00
Field,Field #4

Bracket: BOYS U13B,Division: BOYS U13B
Pool: 1,Pool: 1
Home: HEMPFIELD,Away Team: PA ROUGHRIDERS 2022 
Score:,Score:
Sportsmanship (Circle one):  1  2  3  4  5,Sportsmanship (Circle one): 1 2 3 4 5
Comments,Comments
,

Game Number,37
Start Time,12:10:00
Field,Field #5

Bracket: BOYS U13B,Division: BOYS U13B
Pool: 4,Pool: 4
Home: BYC U13B-2,Away Team: UNIONVILLE INDIANS
Score:,Score:
Sportsmanship (Circle one):  1  2  3  4  5,Sportsmanship (Circle one): 1 2 3 4 5
Comments,Comments
,

Game Number,38
Start Time,12:10:00
Field,Field #6

Bracket: BOYS U13B,Division: BOYS U13B
Pool: 3,Pool: 3
Home: BLAZE U-13,Away Team: MARPLE NEWTOWN TIGERS I
Score:,Score:
Sportsmanship (Circle one):  1  2  3  4  5,Sportsmanship (Circle one): 1 2 3 4 5
Comments,Comments
,

Game Number,39
Start Time,12:10:00
Field,Field #7

Bracket: BOYS U13B,Division: BOYS U13B
Pool: 4,Pool: 4
Home: CYLAX GRAY C,Away Team: PHILADELPHIA FREEDOM 2021 WHITE
Score:,Score:
Sportsmanship (Circle one):  1  2  3  4  5,Sportsmanship (Circle one): 1 2 3 4 5
Comments,Comments
,

Game Number,40
Start Time,12:10:00
Field,Field #8

Bracket: BOYS U13B,Division: BOYS U13B
Pool: 3,Pool: 3
Home: CYLAX GARNET B,Away Team: RIDGE FUTURES GREEN
Score:,Score:
Sportsmanship (Circle one):  1  2  3  4  5,Sportsmanship (Circle one): 1 2 3 4 5
Comments,Comments
,

Game Number,41
Start Time,01:00:00
Field,Field #1

Bracket: BOYS CLUB 2023/24A,Division: BOYS CLUB 2023/24A
Pool: 1,Pool: 1
Home: PA ROUGHRIDERS 2024,Away Team: UPRISING 2024
Score:,Score:
Sportsmanship (Circle one):  1  2  3  4  5,Sportsmanship (Circle one): 1 2 3 4 5
Comments,Comments
,

Game Number,42
Start Time,01:00:00
Field,Field #2

Bracket: BOYS CLUB 2023/24A,Division: BOYS CLUB 2023/24A
Pool: 1,Pool: 1
Home: DELTA HOUSE,Away Team: UPRISING 2023
Score:,Score:
Sportsmanship (Circle one):  1  2  3  4  5,Sportsmanship (Circle one): 1 2 3 4 5
Comments,Comments
,

Game Number,43
Start Time,01:00:00
Field,Field #3

Bracket: BOYS CLUB 2023/24A,Division: BOYS CLUB 2023/24A
Pool: 1,Pool: 1
Home: FREEDOM LC 2024,Away Team: PA ROUGHRIDERS 2023
Score:,Score:
Sportsmanship (Circle one):  1  2  3  4  5,Sportsmanship (Circle one): 1 2 3 4 5
Comments,Comments
,

Game Number,44
Start Time,01:00:00
Field,Field #4

Bracket: BOYS U9A,Division: BOYS U9A
Pool: 1,Pool: 1
Home: CYLAX GARNET A,Away Team: HARLEY 2024
Score:,Score:
Sportsmanship (Circle one):  1  2  3  4  5,Sportsmanship (Circle one): 1 2 3 4 5
Comments,Comments
,

Game Number,45
Start Time,01:00:00
Field,Field #5

Bracket: BOYS U9A,Division: BOYS U9A
Pool: 1,Pool: 1
Home: BLUE DEMONS,Away Team: TIGERS U9
Score:,Score:
Sportsmanship (Circle one):  1  2  3  4  5,Sportsmanship (Circle one): 1 2 3 4 5
Comments,Comments
,

Game Number,46
Start Time,01:00:00
Field,Field #6

Bracket: BOYS U9B,Division: BOYS U9B
Pool: 1,Pool: 1
Home: BEL AIR TYKER BOYS,Away Team: CYLAX GRAY B
Score:,Score:
Sportsmanship (Circle one):  1  2  3  4  5,Sportsmanship (Circle one): 1 2 3 4 5
Comments,Comments
,

Game Number,47
Start Time,01:00:00
Field,Field #7

Bracket: BOYS U9B,Division: BOYS U9B
Pool: 1,Pool: 1
Home: COLLEGEVILLE COUGARS,Away Team: OLDE ENGLISH LACROSSE
Score:,Score:
Sportsmanship (Circle one):  1  2  3  4  5,Sportsmanship (Circle one): 1 2 3 4 5
Comments,Comments
,

Game Number,49
Start Time,01:50:00
Field,Field #1

Bracket: BOYS CLUB 2021/22A,Division: BOYS CLUB 2021/22A
Pool: 1,Pool: 1
Home: COUGAR ELITE  BLUE,Away Team: MD WOLFPACK 2021
Score:,Score:
Sportsmanship (Circle one):  1  2  3  4  5,Sportsmanship (Circle one): 1 2 3 4 5
Comments,Comments
,

Game Number,50
Start Time,01:50:00
Field,Field #2

Bracket: BOYS CLUB 2021/22A,Division: BOYS CLUB 2021/22A
Pool: 1,Pool: 1
Home: PA ROUGHRIDERS 2021 SELECT,Away Team: STARS & STRIPES 2022 BLUE
Score:,Score:
Sportsmanship (Circle one):  1  2  3  4  5,Sportsmanship (Circle one): 1 2 3 4 5
Comments,Comments
,

Game Number,53
Start Time,01:50:00
Field,Field #5

Bracket: BOYS U13A,Division: BOYS U13A
Pool: 2,Pool: 2
Home: MT. LEBANON U13A,Away Team: PA ROUGHRIDERS 2020 SELECT
Score:,Score:
Sportsmanship (Circle one):  1  2  3  4  5,Sportsmanship (Circle one): 1 2 3 4 5
Comments,Comments
,

Game Number,54
Start Time,01:50:00
Field,Field #6

Bracket: BOYS U13A,Division: BOYS U13A
Pool: 1,Pool: 1
Home: COUGAR ELITE,Away Team: RIDLEY U13
Score:,Score:
Sportsmanship (Circle one):  1  2  3  4  5,Sportsmanship (Circle one): 1 2 3 4 5
Comments,Comments
,

Game Number,55
Start Time,01:50:00
Field,Field #7

Bracket: BOYS U13A,Division: BOYS U13A
Pool: 2,Pool: 2
Home: BULLDOGS,Away Team: BYC 13A SKULSKI
Score:,Score:
Sportsmanship (Circle one):  1  2  3  4  5,Sportsmanship (Circle one): 1 2 3 4 5
Comments,Comments
,

Game Number,56
Start Time,01:50:00
Field,Field #8

Bracket: BOYS U13A,Division: BOYS U13A
Pool: 1,Pool: 1
Home: KENNETT BLUE DEMONS U13A,Away Team: LEHIGH VALLEY OUTLAWS
Score:,Score:
Sportsmanship (Circle one):  1  2  3  4  5,Sportsmanship (Circle one): 1 2 3 4 5
Comments,Comments
,

Game Number,58
Start Time,02:40:00
Field,Field #2

Bracket: BOYS CLUB 2023/24A,Division: BOYS CLUB 2023/24A
Pool: 1,Pool: 1
Home: PA ROUGHRIDERS 2023,Away Team: DELTA HOUSE
Score:,Score:
Sportsmanship (Circle one):  1  2  3  4  5,Sportsmanship (Circle one): 1 2 3 4 5
Comments,Comments
,

Game Number,59
Start Time,02:40:00
Field,Field #3

Bracket: BOYS CLUB 2023/24A,Division: BOYS CLUB 2023/24A
Pool: 1,Pool: 1
Home: FREEDOM LC 2024,Away Team: UPRISING 2024
Score:,Score:
Sportsmanship (Circle one):  1  2  3  4  5,Sportsmanship (Circle one): 1 2 3 4 5
Comments,Comments
,

Game Number,60
Start Time,02:40:00
Field,Field #4

Bracket: BOYS CLUB 2023/24A,Division: BOYS CLUB 2023/24A
Pool: 1,Pool: 1
Home: PA ROUGHRIDERS 2024 ,Away Team: UPRISING 2023 
Score:,Score:
Sportsmanship (Circle one):  1  2  3  4  5,Sportsmanship (Circle one): 1 2 3 4 5
Comments,Comments
,

Game Number,61
Start Time,02:40:00
Field,Field #5

Bracket: BOYS U9A,Division: BOYS U9A
Pool: 1,Pool: 1
Home: BLUE DEMONS,Away Team: CYLAX GARNET A
Score:,Score:
Sportsmanship (Circle one):  1  2  3  4  5,Sportsmanship (Circle one): 1 2 3 4 5
Comments,Comments
,

Game Number,62
Start Time,02:40:00
Field,Field #6

Bracket: BOYS U9A,Division: BOYS U9A
Pool: 1,Pool: 1
Home: HARLEY 2024,Away Team: TIGERS U9
Score:,Score:
Sportsmanship (Circle one):  1  2  3  4  5,Sportsmanship (Circle one): 1 2 3 4 5
Comments,Comments
,

Game Number,63
Start Time,02:40:00
Field,Field #7

Bracket: BOYS U9B,Division: BOYS U9B
Pool: 1,Pool: 1
Home: COLLEGEVILLE COUGARS,Away Team: CYLAX GRAY B
Score:,Score:
Sportsmanship (Circle one):  1  2  3  4  5,Sportsmanship (Circle one): 1 2 3 4 5
Comments,Comments
,

Game Number,64
Start Time,02:40:00
Field,Field #8

Bracket: BOYS U9B,Division: BOYS U9B
Pool: 1,Pool: 1
Home: BEL AIR TYKER BOYS,Away Team: OLDE ENGLISH LACROSSE
Score:,Score:
Sportsmanship (Circle one):  1  2  3  4  5,Sportsmanship (Circle one): 1 2 3 4 5
Comments,Comments
,

Game Number,74
Start Time,04:20:00
Field,Field #2

Bracket: BOYS CLUB 2023/24A,Division: BOYS CLUB 2023/24A
Pool: 1,Pool: 1
Home: PA ROUGHRIDERS 2023,Away Team: UPRISING 2023
Score:,Score:
Sportsmanship (Circle one):  1  2  3  4  5,Sportsmanship (Circle one): 1 2 3 4 5
Comments,Comments
,

Game Number,75
Start Time,04:20:00
Field,Field #3

Bracket: BOYS CLUB 2023/24A,Division: BOYS CLUB 2023/24A
Pool: 1,Pool: 1
Home: FREEDOM LC 2024,Away Team: PA ROUGHRIDERS 2024
Score:,Score:
Sportsmanship (Circle one):  1  2  3  4  5,Sportsmanship (Circle one): 1 2 3 4 5
Comments,Comments
,

Game Number,76
Start Time,04:20:00
Field,Field #4

Bracket: BOYS CLUB 2023/24A,Division: BOYS CLUB 2023/24A
Pool: 1,Pool: 1
Home: DELTA HOUSE ,Away Team: UPRISING 2024 
Score:,Score:
Sportsmanship (Circle one):  1  2  3  4  5,Sportsmanship (Circle one): 1 2 3 4 5
Comments,Comments
,

Game Number,77
Start Time,04:20:00
Field,Field #5

Bracket: BOYS U9A,Division: BOYS U9A
Pool: 1,Pool: 1
Home: CYLAX GARNET A,Away Team: TIGERS U9
Score:,Score:
Sportsmanship (Circle one):  1  2  3  4  5,Sportsmanship (Circle one): 1 2 3 4 5
Comments,Comments
,

Game Number,78
Start Time,04:20:00
Field,Field #6

Bracket: BOYS U9A,Division: BOYS U9A
Pool: 1,Pool: 1
Home: BLUE DEMONS,Away Team: HARLEY 2024
Score:,Score:
Sportsmanship (Circle one):  1  2  3  4  5,Sportsmanship (Circle one): 1 2 3 4 5
Comments,Comments
,

Game Number,79
Start Time,04:20:00
Field,Field #7

Bracket: BOYS U9B,Division: BOYS U9B
Pool: 1,Pool: 1
Home: CYLAX GRAY B,Away Team: OLDE ENGLISH LACROSSE
Score:,Score:
Sportsmanship (Circle one):  1  2  3  4  5,Sportsmanship (Circle one): 1 2 3 4 5
Comments,Comments
,

Game Number,80
Start Time,04:20:00
Field,Field #8

Bracket: BOYS U9B,Division: BOYS U9B
Pool: 1,Pool: 1
Home: BEL AIR TYKER BOYS,Away Team: COLLEGEVILLE COUGARS
Score:,Score:
Sportsmanship (Circle one):  1  2  3  4  5,Sportsmanship (Circle one): 1 2 3 4 5
Comments,Comments
,

Game Number,177
Start Time,08:50:00
Field,Field #1

Bracket: BOYS U11A,Division: BOYS U11A
Pool: 2,Pool: 2
Home: KENNETT BLUE DEMONS,Away Team: VIPER LUZZI
Score:,Score:
Sportsmanship (Circle one):  1  2  3  4  5,Sportsmanship (Circle one): 1 2 3 4 5
Comments,Comments
,

Game Number,178
Start Time,08:50:00
Field,Field #2

Bracket: BOYS U11A,Division: BOYS U11A
Pool: 1,Pool: 1
Home: CHOSEN,Away Team: HALLORAN 11A
Score:,Score:
Sportsmanship (Circle one):  1  2  3  4  5,Sportsmanship (Circle one): 1 2 3 4 5
Comments,Comments
,

Game Number,179
Start Time,08:50:00
Field,Field #3

Bracket: BOYS U11A,Division: BOYS U11A
Pool: 2,Pool: 2
Home: RIDGE FUTURES WHITE,Away Team: STARS & STRIPES 2022 RED
Score:,Score:
Sportsmanship (Circle one):  1  2  3  4  5,Sportsmanship (Circle one): 1 2 3 4 5
Comments,Comments
,

Game Number,180
Start Time,08:50:00
Field,Field #4

Bracket: BOYS U11A,Division: BOYS U11A
Pool: 1,Pool: 1
Home: COUGAR ELITE,Away Team: TEAM HARLEY 2022
Score:,Score:
Sportsmanship (Circle one):  1  2  3  4  5,Sportsmanship (Circle one): 1 2 3 4 5
Comments,Comments
,

Game Number,181
Start Time,08:50:00
Field,Field #5

Bracket: BOYS U11A,Division: BOYS U11A
Pool: 2,Pool: 2
Home: LIONVILLE U11A,Away Team: SOUTH PARKLAND
Score:,Score:
Sportsmanship (Circle one):  1  2  3  4  5,Sportsmanship (Circle one): 1 2 3 4 5
Comments,Comments
,

Game Number,182
Start Time,08:50:00
Field,Field #6

Bracket: BOYS U11A,Division: BOYS U11A
Pool: 1,Pool: 1
Home: CYLAX TRAVEL A,Away Team: UNIONVILLE BLUE
Score:,Score:
Sportsmanship (Circle one):  1  2  3  4  5,Sportsmanship (Circle one): 1 2 3 4 5
Comments,Comments
,

Game Number,185
Start Time,09:40:00
Field,Field #1

Bracket: BOYS U15B,Division: BOYS U15B
Pool: 1,Pool: 1
Home: HAVERFORD BLAZE U-15,Away Team: SOUDERTON
Score:,Score:
Sportsmanship (Circle one):  1  2  3  4  5,Sportsmanship (Circle one): 1 2 3 4 5
Comments,Comments
,

Game Number,186
Start Time,09:40:00
Field,Field #2

Bracket: BOYS U15B,Division: BOYS U15B
Pool: 1,Pool: 1
Home: COUGAR ELITE,Away Team: HAVEN
Score:,Score:
Sportsmanship (Circle one):  1  2  3  4  5,Sportsmanship (Circle one): 1 2 3 4 5
Comments,Comments
,

Game Number,187
Start Time,09:40:00
Field,Field #3

Bracket: BOYS U11B,Division: BOYS U11B
Pool: 2,Pool: 2
Home: COATESVILLE RED RAIDERS,Away Team: CYLAX TRAVEL B
Score:,Score:
Sportsmanship (Circle one):  1  2  3  4  5,Sportsmanship (Circle one): 1 2 3 4 5
Comments,Comments
,

Game Number,188
Start Time,09:40:00
Field,Field #4

Bracket: BOYS U11B,Division: BOYS U11B
Pool: 1,Pool: 1
Home: CYLAX HOUSE,Away Team: TEAM HARLEY 2023
Score:,Score:
Sportsmanship (Circle one):  1  2  3  4  5,Sportsmanship (Circle one): 1 2 3 4 5
Comments,Comments
,

Game Number,189
Start Time,09:40:00
Field,Field #5

Bracket: BOYS U11B,Division: BOYS U11B
Pool: 2,Pool: 2
Home: BYC U11B,Away Team: TWIN VALLEY RAIDERS - 3-4 LIGHTNING
Score:,Score:
Sportsmanship (Circle one):  1  2  3  4  5,Sportsmanship (Circle one): 1 2 3 4 5
Comments,Comments
,

Game Number,190
Start Time,09:40:00
Field,Field #6

Bracket: BOYS U11B,Division: BOYS U11B
Pool: 1,Pool: 1
Home: MAD DOGS,Away Team: VIPER 3
Score:,Score:
Sportsmanship (Circle one):  1  2  3  4  5,Sportsmanship (Circle one): 1 2 3 4 5
Comments,Comments
,

Game Number,191
Start Time,09:40:00
Field,Field #7

Bracket: BOYS U11B,Division: BOYS U11B
Pool: 2,Pool: 2
Home: HOUSE LEAGUE ALL STARS,Away Team: HW TURTLES
Score:,Score:
Sportsmanship (Circle one):  1  2  3  4  5,Sportsmanship (Circle one): 1 2 3 4 5
Comments,Comments
,

Game Number,192
Start Time,09:40:00
Field,Field #8

Bracket: BOYS U11B,Division: BOYS U11B
Pool: 1,Pool: 1
Home: BLAZE U 11,Away Team: CYLAX TRAVEL C
Score:,Score:
Sportsmanship (Circle one):  1  2  3  4  5,Sportsmanship (Circle one): 1 2 3 4 5
Comments,Comments
,

Game Number,193
Start Time,10:30:00
Field,Field #1

Bracket: BOYS U11A,Division: BOYS U11A
Pool: 2,Pool: 2
Home: RIDGE FUTURES WHITE,Away Team: SOUTH PARKLAND
Score:,Score:
Sportsmanship (Circle one):  1  2  3  4  5,Sportsmanship (Circle one): 1 2 3 4 5
Comments,Comments
,

Game Number,194
Start Time,10:30:00
Field,Field #2

Bracket: BOYS U11A,Division: BOYS U11A
Pool: 1,Pool: 1
Home: HALLORAN 11A,Away Team: UNIONVILLE BLUE
Score:,Score:
Sportsmanship (Circle one):  1  2  3  4  5,Sportsmanship (Circle one): 1 2 3 4 5
Comments,Comments
,

Game Number,195
Start Time,10:30:00
Field,Field #3

Bracket: BOYS U11A,Division: BOYS U11A
Pool: 2,Pool: 2
Home: KENNETT BLUE DEMONS,Away Team: LIONVILLE U11A
Score:,Score:
Sportsmanship (Circle one):  1  2  3  4  5,Sportsmanship (Circle one): 1 2 3 4 5
Comments,Comments
,

Game Number,196
Start Time,10:30:00
Field,Field #4

Bracket: BOYS U11A,Division: BOYS U11A
Pool: 1,Pool: 1
Home: CYLAX TRAVEL A,Away Team: TEAM HARLEY 2022
Score:,Score:
Sportsmanship (Circle one):  1  2  3  4  5,Sportsmanship (Circle one): 1 2 3 4 5
Comments,Comments
,

Game Number,197
Start Time,10:30:00
Field,Field #5

Bracket: BOYS U11A,Division: BOYS U11A
Pool: 2,Pool: 2
Home: STARS & STRIPES 2022 RED,Away Team: VIPER LUZZI
Score:,Score:
Sportsmanship (Circle one):  1  2  3  4  5,Sportsmanship (Circle one): 1 2 3 4 5
Comments,Comments
,

Game Number,198
Start Time,10:30:00
Field,Field #6

Bracket: BOYS U11A,Division: BOYS U11A
Pool: 1,Pool: 1
Home: CHOSEN,Away Team: COUGAR ELITE
Score:,Score:
Sportsmanship (Circle one):  1  2  3  4  5,Sportsmanship (Circle one): 1 2 3 4 5
Comments,Comments
,

Game Number,199
Start Time,10:30:00
Field,Field #7

Bracket: BOYS CLUB 2019A,Division: BOYS CLUB 2019A
Pool: 1,Pool: 1
Home: MESA FRESH 2019,Away Team: RIDGE FUTURES SILVER
Score:,Score:
Sportsmanship (Circle one):  1  2  3  4  5,Sportsmanship (Circle one): 1 2 3 4 5
Comments,Comments
,

Game Number,200
Start Time,10:30:00
Field,Field #8

Bracket: BOYS CLUB 2019A,Division: BOYS CLUB 2019A
Pool: 1,Pool: 1
Home: MD WOLFPACK 2019B,Away Team: SONS 2020
Score:,Score:
Sportsmanship (Circle one):  1  2  3  4  5,Sportsmanship (Circle one): 1 2 3 4 5
Comments,Comments
,

Game Number,201
Start Time,11:20:00
Field,Field #1

Bracket: BOYS U15B,Division: BOYS U15B
Pool: 1,Pool: 1
Home: HAVEN,Away Team: HAVERFORD BLAZE U-15
Score:,Score:
Sportsmanship (Circle one):  1  2  3  4  5,Sportsmanship (Circle one): 1 2 3 4 5
Comments,Comments
,

Game Number,202
Start Time,11:20:00
Field,Field #2

Bracket: BOYS U15B,Division: BOYS U15B
Pool: 1,Pool: 1
Home: COUGAR ELITE,Away Team: SOUDERTON
Score:,Score:
Sportsmanship (Circle one):  1  2  3  4  5,Sportsmanship (Circle one): 1 2 3 4 5
Comments,Comments
,

Game Number,203
Start Time,11:20:00
Field,Field #3

Bracket: BOYS U11B,Division: BOYS U11B
Pool: 2,Pool: 2
Home: HOUSE LEAGUE ALL STARS,Away Team: TWIN VALLEY RAIDERS - 3-4 LIGHTNING
Score:,Score:
Sportsmanship (Circle one):  1  2  3  4  5,Sportsmanship (Circle one): 1 2 3 4 5
Comments,Comments
,

Game Number,204
Start Time,11:20:00
Field,Field #4

Bracket: BOYS U11B,Division: BOYS U11B
Pool: 1,Pool: 1
Home: TEAM HARLEY 2023,Away Team: VIPER 3
Score:,Score:
Sportsmanship (Circle one):  1  2  3  4  5,Sportsmanship (Circle one): 1 2 3 4 5
Comments,Comments
,

Game Number,205
Start Time,11:20:00
Field,Field #5

Bracket: BOYS U11B,Division: BOYS U11B
Pool: 2,Pool: 2
Home: CYLAX TRAVEL B,Away Team: HW TURTLES
Score:,Score:
Sportsmanship (Circle one):  1  2  3  4  5,Sportsmanship (Circle one): 1 2 3 4 5
Comments,Comments
,

Game Number,206
Start Time,11:20:00
Field,Field #6

Bracket: BOYS U11B,Division: BOYS U11B
Pool: 1,Pool: 1
Home: CYLAX HOUSE,Away Team: CYLAX TRAVEL C
Score:,Score:
Sportsmanship (Circle one):  1  2  3  4  5,Sportsmanship (Circle one): 1 2 3 4 5
Comments,Comments
,

Game Number,207
Start Time,11:20:00
Field,Field #7

Bracket: BOYS U11B,Division: BOYS U11B
Pool: 2,Pool: 2
Home: BYC U11B,Away Team: COATESVILLE RED RAIDERS
Score:,Score:
Sportsmanship (Circle one):  1  2  3  4  5,Sportsmanship (Circle one): 1 2 3 4 5
Comments,Comments
,

Game Number,208
Start Time,11:20:00
Field,Field #8

Bracket: BOYS U11B,Division: BOYS U11B
Pool: 1,Pool: 1
Home: BLAZE U 11,Away Team: MAD DOGS
Score:,Score:
Sportsmanship (Circle one):  1  2  3  4  5,Sportsmanship (Circle one): 1 2 3 4 5
Comments,Comments
,

Game Number,209
Start Time,12:10:00
Field,Field #1

Bracket: BOYS U11A,Division: BOYS U11A
Pool: 2,Pool: 2
Home: LIONVILLE U11A,Away Team: STARS & STRIPES 2022 RED
Score:,Score:
Sportsmanship (Circle one):  1  2  3  4  5,Sportsmanship (Circle one): 1 2 3 4 5
Comments,Comments
,

Game Number,210
Start Time,12:10:00
Field,Field #2

Bracket: BOYS U11A,Division: BOYS U11A
Pool: 1,Pool: 1
Home: COUGAR ELITE,Away Team: CYLAX TRAVEL A
Score:,Score:
Sportsmanship (Circle one):  1  2  3  4  5,Sportsmanship (Circle one): 1 2 3 4 5
Comments,Comments
,

Game Number,211
Start Time,12:10:00
Field,Field #3

Bracket: BOYS U11A,Division: BOYS U11A
Pool: 2,Pool: 2
Home: KENNETT BLUE DEMONS,Away Team: SOUTH PARKLAND
Score:,Score:
Sportsmanship (Circle one):  1  2  3  4  5,Sportsmanship (Circle one): 1 2 3 4 5
Comments,Comments
,

Game Number,212
Start Time,12:10:00
Field,Field #4

Bracket: BOYS U11A,Division: BOYS U11A
Pool: 1,Pool: 1
Home: HALLORAN 11A,Away Team: TEAM HARLEY 2022
Score:,Score:
Sportsmanship (Circle one):  1  2  3  4  5,Sportsmanship (Circle one): 1 2 3 4 5
Comments,Comments
,

Game Number,213
Start Time,12:10:00
Field,Field #5

Bracket: BOYS U11A,Division: BOYS U11A
Pool: 2,Pool: 2
Home: RIDGE FUTURES WHITE,Away Team: VIPER LUZZI
Score:,Score:
Sportsmanship (Circle one):  1  2  3  4  5,Sportsmanship (Circle one): 1 2 3 4 5
Comments,Comments
,

Game Number,214
Start Time,12:10:00
Field,Field #6

Bracket: BOYS U11A,Division: BOYS U11A
Pool: 1,Pool: 1
Home: CHOSEN,Away Team: UNIONVILLE BLUE
Score:,Score:
Sportsmanship (Circle one):  1  2  3  4  5,Sportsmanship (Circle one): 1 2 3 4 5
Comments,Comments
,

Game Number,215
Start Time,12:10:00
Field,Field #7

Bracket: BOYS U15A,Division: BOYS U15A
Pool: 1,Pool: 1
Home: LEHIGH VALLEY OUTLAWS,Away Team: SCHNECKSVILLE SPA
Score:,Score:
Sportsmanship (Circle one):  1  2  3  4  5,Sportsmanship (Circle one): 1 2 3 4 5
Comments,Comments
,

Game Number,216
Start Time,12:10:00
Field,Field #8

Bracket: BOYS U15A,Division: BOYS U15A
Pool: 1,Pool: 1
Home: COUGAR ELITE,Away Team: VIPER 19
Score:,Score:
Sportsmanship (Circle one):  1  2  3  4  5,Sportsmanship (Circle one): 1 2 3 4 5
Comments,Comments
,

Game Number,217
Start Time,01:00:00
Field,Field #1

Bracket: BOYS U15B,Division: BOYS U15B
Pool: 1,Pool: 1
Home: HAVEN,Away Team: SOUDERTON
Score:,Score:
Sportsmanship (Circle one):  1  2  3  4  5,Sportsmanship (Circle one): 1 2 3 4 5
Comments,Comments
,

Game Number,218
Start Time,01:00:00
Field,Field #2

Bracket: BOYS U15B,Division: BOYS U15B
Pool: 1,Pool: 1
Home: COUGAR ELITE,Away Team: HAVERFORD BLAZE U-15
Score:,Score:
Sportsmanship (Circle one):  1  2  3  4  5,Sportsmanship (Circle one): 1 2 3 4 5
Comments,Comments
,

Game Number,221
Start Time,01:00:00
Field,Field #5

Bracket: BOYS CLUB 2020A,Division: BOYS CLUB 2020A
Pool: 1,Pool: 1
Home: RIDGE FUTURES BLACK,Away Team: STARS & STRIPES 2020/2021 BLUE
Score:,Score:
Sportsmanship (Circle one):  1  2  3  4  5,Sportsmanship (Circle one): 1 2 3 4 5
Comments,Comments
,

Game Number,222
Start Time,01:00:00
Field,Field #6

Bracket: BOYS CLUB 2020A,Division: BOYS CLUB 2020A
Pool: 1,Pool: 1
Home: MD WOLFPACK 2020,Away Team: STARS & STRIPES 2020/2021 RED
Score:,Score:
Sportsmanship (Circle one):  1  2  3  4  5,Sportsmanship (Circle one): 1 2 3 4 5
Comments,Comments
,

Game Number,223
Start Time,01:00:00
Field,Field #7

Bracket: BOYS CLUB 2019A,Division: BOYS CLUB 2019A
Pool: 1,Pool: 1
Home: MD WOLFPACK 2019B,Away Team: RIDGE FUTURES SILVER
Score:,Score:
Sportsmanship (Circle one):  1  2  3  4  5,Sportsmanship (Circle one): 1 2 3 4 5
Comments,Comments
,

Game Number,224
Start Time,01:00:00
Field,Field #8

Bracket: BOYS CLUB 2019A,Division: BOYS CLUB 2019A
Pool: 1,Pool: 1
Home: MESA FRESH 2019,Away Team: SONS 2020
Score:,Score:
Sportsmanship (Circle one):  1  2  3  4  5,Sportsmanship (Circle one): 1 2 3 4 5
Comments,Comments
,

Game Number,225
Start Time,01:50:00
Field,Field #1

Bracket: BOYS U11B,Division: BOYS U11B
Pool: 2,Pool: 2
Home: COATESVILLE RED RAIDERS,Away Team: TWIN VALLEY RAIDERS - 3-4 LIGHTNING
Score:,Score:
Sportsmanship (Circle one):  1  2  3  4  5,Sportsmanship (Circle one): 1 2 3 4 5
Comments,Comments
,

Game Number,226
Start Time,01:50:00
Field,Field #2

Bracket: BOYS U11B,Division: BOYS U11B
Pool: 1,Pool: 1
Home: CYLAX HOUSE,Away Team: MAD DOGS
Score:,Score:
Sportsmanship (Circle one):  1  2  3  4  5,Sportsmanship (Circle one): 1 2 3 4 5
Comments,Comments
,

Game Number,227
Start Time,01:50:00
Field,Field #3

Bracket: BOYS U11B,Division: BOYS U11B
Pool: 2,Pool: 2
Home: BYC U11B,Away Team: HW TURTLES
Score:,Score:
Sportsmanship (Circle one):  1  2  3  4  5,Sportsmanship (Circle one): 1 2 3 4 5
Comments,Comments
,

Game Number,228
Start Time,01:50:00
Field,Field #4

Bracket: BOYS U11B,Division: BOYS U11B
Pool: 1,Pool: 1
Home: BLAZE U 11,Away Team: VIPER 3
Score:,Score:
Sportsmanship (Circle one):  1  2  3  4  5,Sportsmanship (Circle one): 1 2 3 4 5
Comments,Comments
,

Game Number,229
Start Time,01:50:00
Field,Field #5

Bracket: BOYS U11B,Division: BOYS U11B
Pool: 2,Pool: 2
Home: CYLAX TRAVEL B,Away Team: HOUSE LEAGUE ALL STARS
Score:,Score:
Sportsmanship (Circle one):  1  2  3  4  5,Sportsmanship (Circle one): 1 2 3 4 5
Comments,Comments
,

Game Number,230
Start Time,01:50:00
Field,Field #6

Bracket: BOYS U11B,Division: BOYS U11B
Pool: 1,Pool: 1
Home: CYLAX TRAVEL C,Away Team: TEAM HARLEY 2023
Score:,Score:
Sportsmanship (Circle one):  1  2  3  4  5,Sportsmanship (Circle one): 1 2 3 4 5
Comments,Comments
,

Game Number,231
Start Time,01:50:00
Field,Field #7

Bracket: BOYS U15A,Division: BOYS U15A
Pool: 1,Pool: 1
Home: LEHIGH VALLEY OUTLAWS,Away Team: VIPER 19
Score:,Score:
Sportsmanship (Circle one):  1  2  3  4  5,Sportsmanship (Circle one): 1 2 3 4 5
Comments,Comments
,

Game Number,232
Start Time,01:50:00
Field,Field #8

Bracket: BOYS U15A,Division: BOYS U15A
Pool: 1,Pool: 1
Home: COUGAR ELITE,Away Team: SCHNECKSVILLE SPA
Score:,Score:
Sportsmanship (Circle one):  1  2  3  4  5,Sportsmanship (Circle one): 1 2 3 4 5
Comments,Comments
,

Game Number,235
Start Time,02:40:00
Field,Field #3

Bracket: BOYS CLUB 2019A,Division: BOYS CLUB 2020A
Pool: 1,Pool: 1
Home: MD WOLFPACK 2019B ,Away Team: STARS & STRIPES 2020/2021 RED 
Score:,Score:
Sportsmanship (Circle one):  1  2  3  4  5,Sportsmanship (Circle one): 1 2 3 4 5
Comments,Comments
,

Game Number,237
Start Time,02:40:00
Field,Field #5

Bracket: BOYS CLUB 2019A,Division: BOYS CLUB 2020A
Pool: 1,Pool: 1
Home: RIDGE FUTURES SILVER ,Away Team: STARS & STRIPES 2020/2021 BLUE 
Score:,Score:
Sportsmanship (Circle one):  1  2  3  4  5,Sportsmanship (Circle one): 1 2 3 4 5
Comments,Comments
,

Game Number,238
Start Time,02:40:00
Field,Field #6

Bracket: BOYS CLUB 2019A,Division: NO DIVISION
Pool: 1,Pool: NO DIVISION
Home: MESA FRESH 2019,Away Team: MESA FRESH 2018
Score:,Score:
Sportsmanship (Circle one):  1  2  3  4  5,Sportsmanship (Circle one): 1 2 3 4 5
Comments,Comments
,

Game Number,239
Start Time,02:40:00
Field,Field #7

Bracket: BOYS CLUB 2020A,Division: BOYS CLUB 2020A
Pool: 1,Pool: 1
Home: MD WOLFPACK 2020,Away Team: RIDGE FUTURES BLACK
Score:,Score:
Sportsmanship (Circle one):  1  2  3  4  5,Sportsmanship (Circle one): 1 2 3 4 5
Comments,Comments
,

Game Number,242
Start Time,03:30:00
Field,Field #2

Bracket: BOYS U15A,Division: BOYS U15A
Pool: 1,Pool: 1
Home: COUGAR ELITE,Away Team: LEHIGH VALLEY OUTLAWS
Score:,Score:
Sportsmanship (Circle one):  1  2  3  4  5,Sportsmanship (Circle one): 1 2 3 4 5
Comments,Comments
,

Game Number,243
Start Time,03:30:00
Field,Field #3

Bracket: BOYS U15A,Division: BOYS U15A
Pool: 1,Pool: 1
Home: SCHNECKSVILLE SPA,Away Team: VIPER 19
Score:,Score:
Sportsmanship (Circle one):  1  2  3  4  5,Sportsmanship (Circle one): 1 2 3 4 5
Comments,Comments
,

Game Number,250
Start Time,04:20:00
Field,Field #2

Bracket: BOYS CLUB 2020A,Division: BOYS CLUB 2020A
Pool: 1,Pool: 1
Home: STARS & STRIPES 2020/2021 RED,Away Team: RIDGE FUTURES BLACK
Score:,Score:
Sportsmanship (Circle one):  1  2  3  4  5,Sportsmanship (Circle one): 1 2 3 4 5
Comments,Comments
,

Game Number,251
Start Time,04:20:00
Field,Field #3

Bracket: BOYS CLUB 2020A,Division: BOYS CLUB 2020A
Pool: 1,Pool: 1
Home: STARS & STRIPES 2020/2021 BLUE,Away Team: MD WOLFPACK 2020
Score:,Score:
Sportsmanship (Circle one):  1  2  3  4  5,Sportsmanship (Circle one): 1 2 3 4 5
Comments,Comments
,

